Date	Open	High	Low	Close	Vol.	Change %
08-05-2012	8.65	8.9	8.5	8.75	186.70K	1.16%
09-05-2012	8.75	8.7	8.5	8.55	94.90K	-2.29%
10-05-2012	8.55	8.75	8.45	8.6	76.80K	0.58%
11-05-2012	8.6	8.85	8.15	8.6	141.80K	0.00%
14-05-2012	8.6	8.8	8.6	8.65	91.70K	0.58%
15-05-2012	8.65	8.8	8.5	8.6	135.00K	-0.58%
16-05-2012	8.6	8.7	8.6	8.65	88.20K	0.58%
17-05-2012	8.65	8.7	8.55	8.6	255.20K	-0.58%
18-05-2012	8.6	8.6	8.45	8.55	173.00K	-0.58%
21-05-2012	8.55	8.6	8.4	8.5	57.30K	-0.58%
22-05-2012	8.5	8.6	8.4	8.45	41.80K	-0.59%
23-05-2012	8.45	8.6	8.2	8.4	633.30K	-0.59%
24-05-2012	8.4	8.5	8.05	8.35	136.80K	-0.60%
25-05-2012	8.35	8.5	8.2	8.3	74.30K	-0.60%
28-05-2012	8.3	8.3	8	8.05	183.90K	-3.01%
29-05-2012	8.05	8.4	8	8	341.80K	-0.62%
30-05-2012	8	8.3	7.9	8	266.40K	0.00%
31-05-2012	8	8.3	7.8	7.9	558.40K	-1.25%
04-06-2012	7.9	8.3	8	8	107.40K	1.27%
05-06-2012	8	8.45	7.9	8	542.20K	0.00%
06-06-2012	8	8.5	8	8.15	80.10K	1.87%
07-06-2012	8.15	8.45	8	8.1	21.20K	-0.61%
08-06-2012	8.1	8.3	8.05	8.15	515.10K	0.62%
11-06-2012	8.15	8.3	8.15	8.2	192.20K	0.61%
12-06-2012	8.2	8.2	8.1	8.15	159.30K	-0.61%
13-06-2012	8.15	8.15	8.1	8.1	87.50K	-0.61%
14-06-2012	8.1	8.2	8.1	8.1	272.80K	0.00%
15-06-2012	8.1	8.25	8.1	8.15	154.40K	0.62%
18-06-2012	8.15	8.3	8.15	8.2	247.50K	0.61%
19-06-2012	8.2	8.5	8.15	8.2	286.20K	0.00%
20-06-2012	8.2	8.3	8.2	8.2	903.00K	0.00%
21-06-2012	8.2	8.4	8.2	8.2	1.91M	0.00%
22-06-2012	8.2	8.8	8.2	8.45	257.80K	3.05%
25-06-2012	8.45	8.85	8.65	8.75	2.61M	3.55%
26-06-2012	8.75	9	8.8	8.85	397.60K	1.14%
27-06-2012	8.85	9	8.85	8.95	265.50K	1.13%
28-06-2012	8.95	9	8.4	8.85	153.70K	-1.12%
29-06-2012	8.85	9	8.5	8.6	46.00K	-2.82%
02-07-2012	8.6	9	8.6	8.7	105.10K	1.16%
03-07-2012	8.7	8.85	8.6	8.7	72.50K	0.00%
04-07-2012	8.7	8.9	8.6	8.7	141.90K	0.00%
05-07-2012	8.7	8.8	8.55	8.65	169.80K	-0.57%
06-07-2012	8.65	8.8	8.6	8.65	161.40K	0.00%
09-07-2012	8.65	8.9	8.35	8.6	140.60K	-0.58%
10-07-2012	8.6	8.7	8.45	8.55	203.40K	-0.58%
11-07-2012	8.55	8.6	8.4	8.5	615.90K	-0.58%
12-07-2012	8.5	8.7	8.5	8.55	286.40K	0.59%
13-07-2012	8.55	8.55	8.3	8.45	160.50K	-1.17%
16-07-2012	8.45	8.6	8.35	8.45	407.90K	0.00%
17-07-2012	8.45	8.6	8.3	8.4	105.00K	-0.59%
18-07-2012	8.4	8.45	8.35	8.4	142.20K	0.00%
19-07-2012	8.4	8.5	8.1	8.3	181.60K	-1.19%
20-07-2012	8.3	8.4	8.25	8.3	165.10K	0.00%
23-07-2012	8.3	8.4	8.25	8.25	173.50K	-0.60%
24-07-2012	8.25	8.5	8.25	8.3	1.27M	0.61%
25-07-2012	8.3	8.4	8.25	8.3	573.60K	0.00%
26-07-2012	8.3	8.5	8.25	8.3	1.08M	0.00%
27-07-2012	8.3	8.5	8.25	8.3	478.30K	0.00%
30-07-2012	8.3	8.35	8.25	8.3	2.87M	0.00%
31-07-2012	8.3	8.65	8.25	8.35	1.03M	0.60%
01-08-2012	8.35	8.8	8.4	8.65	177.50K	3.59%
02-08-2012	8.65	8.8	8.6	8.65	665.00K	0.00%
03-08-2012	8.65	8.8	8.6	8.7	140.50K	0.58%
06-08-2012	8.7	8.75	8.5	8.65	218.10K	-0.57%
07-08-2012	8.65	8.7	8.5	8.55	113.90K	-1.16%
08-08-2012	8.55	8.7	8.6	8.6	45.50K	0.58%
09-08-2012	8.6	8.7	8.6	8.6	149.10K	0.00%
10-08-2012	8.6	8.65	8.55	8.6	947.60K	0.00%
13-08-2012	8.6	8.6	8.3	8.5	183.40K	-1.16%
14-08-2012	8.5	8.5	8.25	8.3	577.30K	-2.35%
15-08-2012	8.3	8.5	8.3	8.4	71.80K	1.20%
16-08-2012	8.4	8.5	8.35	8.45	285.80K	0.60%
17-08-2012	8.45	8.45	8.35	8.4	336.50K	-0.59%
21-08-2012	8.4	8.45	8.3	8.35	64.00K	-0.60%
22-08-2012	8.35	8.45	8.3	8.4	154.30K	0.60%
23-08-2012	8.4	8.5	8.35	8.4	95.90K	0.00%
24-08-2012	8.4	8.5	8.35	8.4	361.10K	0.00%
27-08-2012	8.4	8.4	8.3	8.35	116.40K	-0.60%
28-08-2012	8.35	8.4	8	8.3	131.30K	-0.60%
29-08-2012	8.3	8.45	8.3	8.35	261.60K	0.60%
30-08-2012	8.35	8.4	8.3	8.3	413.00K	-0.60%
31-08-2012	8.3	8.4	8.3	8.35	103.50K	0.60%
03-09-2012	8.35	8.4	8	8.3	95.20K	-0.60%
04-09-2012	8.3	8.35	8.3	8.3	59.90K	0.00%
05-09-2012	8.3	8.4	8.35	8.35	79.50K	0.60%
06-09-2012	8.35	8.4	8.3	8.3	54.80K	-0.60%
07-09-2012	8.3	8.5	8.25	8.35	127.70K	0.60%
10-09-2012	8.35	8.35	8.3	8.3	274.10K	-0.60%
11-09-2012	8.3	8.5	8.2	8.35	271.40K	0.60%
12-09-2012	8.35	8.5	8	8.2	3.49M	-1.80%
13-09-2012	8.2	8.4	8.1	8.25	66.50K	0.61%
14-09-2012	8.25	8.35	8.15	8.2	360.20K	-0.61%
17-09-2012	8.2	8.35	8.2	8.2	88.10K	0.00%
18-09-2012	8.2	8.4	8.25	8.3	370.00K	1.22%
19-09-2012	8.3	8.5	8.25	8.3	164.40K	0.00%
20-09-2012	8.3	8.5	8.3	8.35	229.20K	0.60%
24-09-2012	8.7	8.55	8.3	8.4	168.90K	0.60%
25-09-2012	8.4	8.55	8.4	8.45	87.30K	0.60%
26-09-2012	8.45	8.5	8.25	8.35	229.50K	-1.18%
27-09-2012	8.35	9	8.5	8.85	363.80K	5.99%
28-09-2012	8.85	8.95	8.75	8.8	445.20K	-0.56%
01-10-2012	8.8	8.9	8.75	8.85	414.70K	0.57%
02-10-2012	8.85	8.9	8.6	8.7	354.30K	-1.69%
03-10-2012	8.7	8.7	8.5	8.6	226.40K	-1.15%
04-10-2012	8.6	8.8	8.6	8.65	211.20K	0.58%
05-10-2012	8.65	8.8	8.6	8.65	164.00K	0.00%
08-10-2012	8.65	8.8	8.6	8.65	142.90K	0.00%
09-10-2012	8.65	8.65	8.55	8.6	377.90K	-0.58%
10-10-2012	8.6	8.7	8.55	8.6	321.20K	0.00%
11-10-2012	8.6	8.65	8.55	8.6	341.90K	0.00%
12-10-2012	8.6	8.7	8.55	8.6	120.60K	0.00%
15-10-2012	8.6	8.8	8.6	8.65	417.50K	0.58%
16-10-2012	8.65	8.7	8.55	8.6	190.60K	-0.58%
17-10-2012	8.6	8.75	8.55	8.6	209.60K	0.00%
18-10-2012	8.6	8.7	8.55	8.6	178.50K	0.00%
19-10-2012	8.6	8.7	8.55	8.65	57.50K	0.58%
22-10-2012	8.65	8.8	8.65	8.65	53.30K	0.00%
23-10-2012	8.65	8.9	8.7	8.8	363.20K	1.73%
24-10-2012	8.8	9.15	8.85	9	317.00K	2.27%
25-10-2012	9	9.45	9.15	9.3	411.20K	3.33%
26-10-2012	9.3	9.3	9.15	9.25	855.10K	-0.54%
29-10-2012	9.25	9.35	9.25	9.3	893.90K	0.54%
30-10-2012	9.3	9.35	9.05	9.2	394.50K	-1.08%
31-10-2012	9.2	9.2	9.05	9.15	707.70K	-0.54%
01-11-2012	9.15	9.15	9	9.1	283.20K	-0.55%
02-11-2012	9.1	9.15	9.1	9.1	288.70K	0.00%
05-11-2012	9.1	9.4	9.1	9.2	658.80K	1.10%
06-11-2012	9.2	9.3	9.15	9.2	326.90K	0.00%
07-11-2012	9.2	9.5	9.15	9.35	220.10K	1.63%
08-11-2012	9.2	9.7	9.4	9.55	299.10K	2.14%
09-11-2012	9.55	10	9.45	9.7	109.60K	1.57%
12-11-2012	9.7	10.1	9.8	9.95	965.70K	2.58%
13-11-2012	9.95	10	9.85	9.9	290.20K	-0.50%
14-11-2012	9.9	9.9	9.55	9.7	394.60K	-2.02%
15-11-2012	9.7	9.7	9.5	9.55	206.60K	-1.55%
16-11-2012	9.55	9.7	9.55	9.6	413.40K	0.52%
19-11-2012	9.6	9.7	9.55	9.6	2.69M	0.00%
20-11-2012	9.6	9.7	9.55	9.6	344.60K	0.00%
21-11-2012	9.6	9.8	9.6	9.65	413.00K	0.52%
22-11-2012	9.65	9.85	9.65	9.75	202.60K	1.04%
23-11-2012	9.75	9.85	9.7	9.8	1.69M	0.51%
26-11-2012	9.8	10	9.8	9.85	913.40K	0.51%
27-11-2012	9.85	9.95	9.75	9.8	301.50K	-0.51%
28-11-2012	9.8	9.95	9.8	9.8	81.80K	0.00%
29-11-2012	9.8	10.05	9.8	9.9	2.36M	1.02%
30-11-2012	9.9	10	9.9	9.95	475.10K	0.51%
03-12-2012	9.95	10	9.7	9.8	1.37M	-1.51%
04-12-2012	9.8	9.85	9.7	9.75	1.32M	-0.51%
05-12-2012	9.75	9.85	9.6	9.7	733.10K	-0.51%
06-12-2012	9.7	9.5	8.65	9	454.60K	-7.22%
07-12-2012	9	8.9	8.6	8.8	298.00K	-2.22%
10-12-2012	8.8	9.4	8.55	8.8	222.80K	0.00%
11-12-2012	8.8	8.8	8.55	8.6	93.20K	-2.27%
13-12-2012	8.6	8.8	8.55	8.6	108.20K	0.00%
14-12-2012	8.6	9	8.55	8.75	193.50K	1.74%
17-12-2012	8.75	9	8.55	8.85	829.00K	1.14%
18-12-2012	8.75	9	8.7	8.8	75.40K	-0.56%
19-12-2012	8.75	9.3	8.75	9.2	793.30K	4.55%
20-12-2012	9.25	9.25	8.8	9	113.80K	-2.17%
21-12-2012	9.2	9.2	8.8	8.85	61.00K	-1.67%
24-12-2012	9	9	8.65	8.95	56.40K	1.13%
27-12-2012	8.95	9	8.9	8.95	88.00K	0.00%
28-12-2012	8.95	9	8.85	8.9	34.10K	-0.56%
31-12-2012	8.95	8.95	8.8	8.8	26.80K	-1.12%
02-01-2013	8.9	9	8.85	8.9	98.90K	1.14%
03-01-2013	8.9	8.95	8.7	8.85	80.40K	-0.56%
04-01-2013	8.8	9	8.6	8.85	442.90K	0.00%
07-01-2013	8.85	9.1	8.85	9	645.00K	1.69%
08-01-2013	9	9.1	8.9	9	1.31M	0.00%
09-01-2013	9	9.3	9	9.15	1.37M	1.67%
10-01-2013	9.2	9.65	9.15	9.45	1.03M	3.28%
11-01-2013	9.75	10.35	9.55	10.1	1.13M	6.88%
14-01-2013	10.05	11.1	10.05	10.8	1.24M	6.93%
15-01-2013	11.1	11.85	10.85	11.5	1.59M	6.48%
16-01-2013	12	12.65	12	12.6	1.22M	9.57%
17-01-2013	12.8	13.85	12.65	13.6	2.85M	7.94%
18-01-2013	13	14.2	12.9	13.75	3.28M	1.10%
21-01-2013	13	13.95	12.5	13.35	1.11M	-2.91%
22-01-2013	13	13.25	12.65	13.1	1.41M	-1.87%
23-01-2013	12.7	12.8	11.8	12.1	607.20K	-7.63%
24-01-2013	12.7	12.7	11	11.4	247.10K	-5.79%
25-01-2013	11.35	11.7	11.05	11.4	431.40K	0.00%
28-01-2013	11.55	12.5	11.55	12.2	610.40K	7.02%
29-01-2013	12.5	13	12.2	12.5	287.60K	2.46%
30-01-2013	12.5	12.5	11.95	12.15	337.80K	-2.80%
31-01-2013	12	12	11.6	11.85	154.30K	-2.47%
01-02-2013	12	12	11.6	11.75	327.60K	-0.84%
04-02-2013	11.6	11.9	11.5	11.75	119.10K	0.00%
05-02-2013	11.75	12.5	11.7	11.95	1.00M	1.70%
06-02-2013	12	12.7	12	12.45	349.20K	4.18%
07-02-2013	12.5	12.7	12.45	12.55	434.00K	0.80%
08-02-2013	12.45	12.7	12.4	12.5	908.30K	-0.40%
11-02-2013	12.5	12.8	12.25	12.5	1.09M	0.00%
12-02-2013	12.5	12.5	12.3	12.45	147.00K	-0.40%
13-02-2013	12.4	12.5	12.25	12.3	449.40K	-1.20%
14-02-2013	12.4	12.5	12.3	12.35	517.00K	0.41%
15-02-2013	12.45	12.45	12	12.25	370.10K	-0.81%
18-02-2013	12.3	12.3	12	12.15	91.80K	-0.82%
19-02-2013	12.2	12.2	11.5	11.75	196.10K	-3.29%
20-02-2013	11.8	11.95	11.5	11.65	116.50K	-0.85%
21-02-2013	11.8	11.8	11.5	11.65	127.40K	0.00%
22-02-2013	11.8	11.8	10.55	10.95	134.20K	-6.01%
25-02-2013	11	11	10.5	10.8	100.90K	-1.37%
26-02-2013	10.9	11.85	10.9	11.6	646.70K	7.41%
27-02-2013	12	12.5	11.9	12.25	342.40K	5.60%
28-02-2013	12.5	12.5	12.15	12.3	354.50K	0.41%
01-03-2013	12.15	12.4	12	12.05	122.70K	-2.03%
05-03-2013	12.3	12.4	12.05	12.25	218.90K	1.66%
06-03-2013	12.5	12.5	12.4	12.45	178.20K	1.63%
07-03-2013	12.45	12.6	12.35	12.5	679.20K	0.40%
08-03-2013	12.55	12.8	12.5	12.6	388.00K	0.80%
11-03-2013	13	13.85	12.75	13.45	507.60K	6.75%
12-03-2013	13.85	14.75	13.85	14.7	1.52M	9.29%
13-03-2013	14.75	14.75	13.5	14.15	1.63M	-3.74%
14-03-2013	14	14	13	13.6	600.00K	-3.89%
15-03-2013	13.6	13.6	12.95	13.1	246.50K	-3.68%
18-03-2013	13	13.4	13	13.25	165.10K	1.15%
19-03-2013	13.3	14	13.3	13.7	455.60K	3.40%
20-03-2013	13.8	14.15	13.65	13.85	277.40K	1.09%
21-03-2013	13.7	13.8	13.35	13.5	454.50K	-2.53%
22-03-2013	13.5	13.55	13.35	13.45	537.30K	-0.37%
25-03-2013	13.5	13.95	13.4	13.8	696.40K	2.60%
26-03-2013	13.85	14.5	13.85	14.1	1.22M	2.17%
27-03-2013	14	14.6	14	14.45	2.02M	2.48%
28-03-2013	14.5	14.95	14.45	14.6	677.30K	1.04%
02-04-2013	14.65	16.05	14.65	15.95	1.80M	9.25%
03-04-2013	16.05	16.05	14.85	15.5	466.40K	-2.82%
04-04-2013	15.3	15.5	15	15.15	246.20K	-2.26%
05-04-2013	15	15.5	15	15.35	1.07M	1.32%
08-04-2013	15.5	16.05	15.5	15.8	899.60K	2.93%
10-04-2013	15.8	16.05	15.6	15.95	254.50K	0.95%
11-04-2013	15.95	16	15.85	15.9	559.80K	-0.31%
12-04-2013	15.9	16.05	15.85	15.9	643.60K	0.00%
15-04-2013	15.9	15.9	15.6	15.8	564.50K	-0.63%
16-04-2013	15.8	15.9	15.65	15.75	442.30K	-0.32%
17-04-2013	15.75	15.95	15.75	15.8	556.20K	0.32%
18-04-2013	15.85	15.85	15.6	15.75	427.30K	-0.32%
19-04-2013	15.75	15.8	15.6	15.7	214.10K	-0.32%
22-04-2013	15.7	15.75	15.15	15.45	213.70K	-1.59%
23-04-2013	15	15.35	14.5	15	217.40K	-2.91%
24-04-2013	15	15.15	14.8	15	184.20K	0.00%
25-04-2013	15.05	15.15	14.95	15	272.90K	0.00%
26-04-2013	15.05	15.3	15	15.15	515.70K	1.00%
29-04-2013	15.05	15.3	14.9	15	321.00K	-0.99%
30-04-2013	14.5	15.1	14	14.85	133.00K	-1.00%
02-05-2013	15	15.45	14.8	14.95	148.10K	0.67%
03-05-2013	14.9	14.95	14.9	14.9	97.60K	-0.33%
06-05-2013	14.9	15.35	14.9	14.95	191.40K	0.34%
07-05-2013	14.9	15.2	14.9	15.05	87.60K	0.67%
08-05-2013	15.1	15.25	14.9	15.05	370.60K	0.00%
09-05-2013	15	15.3	14.9	15.05	405.40K	0.00%
10-05-2013	14.95	15	14	14.5	747.10K	-3.65%
13-05-2013	14.5	14.85	14.25	14.45	325.70K	-0.34%
14-05-2013	14.5	14.95	14	14.65	760.00K	1.38%
15-05-2013	14.8	16	14.5	15.5	1.09M	5.80%
16-05-2013	15.3	15.75	15.05	15.5	423.70K	0.00%
17-05-2013	15	15.2	15	15.1	136.80K	-2.58%
20-05-2013	15.1	15.1	15	15.05	48.40K	-0.33%
21-05-2013	15.1	15.15	14.35	14.85	365.20K	-1.33%
22-05-2013	14.4	15	14.4	14.9	228.30K	0.34%
23-05-2013	14.8	15	14.8	14.95	214.50K	0.34%
24-05-2013	14.85	15.6	14.75	15.15	385.10K	1.34%
27-05-2013	15	15.6	15	15.05	245.20K	-0.66%
28-05-2013	15.05	15.05	14.9	14.95	128.80K	-0.66%
29-05-2013	14.9	15.15	14.85	14.95	247.10K	0.00%
30-05-2013	15.15	15.15	15	15.05	217.30K	0.67%
31-05-2013	15	15.3	15	15.15	285.20K	0.66%
03-06-2013	15.1	15.85	15.1	15.7	563.60K	3.63%
04-06-2013	15.5	15.85	15.5	15.7	617.00K	0.00%
05-06-2013	15.7	16	15.7	15.95	1.45M	1.59%
06-06-2013	15.85	16	15.8	15.95	457.50K	0.00%
07-06-2013	15.95	16.25	15.85	15.95	537.30K	0.00%
10-06-2013	16	17.1	16	16.85	1.99M	5.64%
11-06-2013	17	17.4	16.9	17.15	1.86M	1.78%
12-06-2013	17	17.25	16.5	17	983.90K	-0.87%
13-06-2013	16.5	17	16.5	16.85	1.48M	-0.88%
14-06-2013	16.6	16.6	15.95	16.05	471.90K	-4.75%
17-06-2013	16.05	16.2	16.05	16.05	361.60K	0.00%
18-06-2013	16.1	16.15	15.95	16	574.40K	-0.31%
19-06-2013	16.05	16.05	15.85	15.95	413.50K	-0.31%
20-06-2013	16	16.05	15.8	15.95	200.90K	0.00%
21-06-2013	15.95	16.05	15.8	15.9	73.10K	-0.31%
24-06-2013	15.9	16.1	15.8	15.95	461.30K	0.31%
25-06-2013	15.9	16	15.5	15.8	211.40K	-0.94%
26-06-2013	15.6	15.7	15.3	15.45	118.60K	-2.22%
27-06-2013	15.5	15.95	14.9	15.4	222.60K	-0.32%
28-06-2013	15.35	15.4	15	15.15	30.20K	-1.62%
01-07-2013	15	15.25	14.9	15.05	403.80K	-0.66%
02-07-2013	15.15	15.15	14.9	15	809.70K	-0.33%
03-07-2013	15	15.15	14.95	15	153.60K	0.00%
04-07-2013	15	15.65	14.95	15	220.80K	0.00%
05-07-2013	15	15.15	14.95	15	588.30K	0.00%
08-07-2013	15	15.5	14.95	15	526.60K	0.00%
09-07-2013	15	15.05	14.95	15	1.29M	0.00%
10-07-2013	15	15.25	15	15.05	242.00K	0.33%
11-07-2013	15.05	15.4	15	15.05	1.60M	0.00%
12-07-2013	15.1	15.7	15.1	15.25	120.60K	1.33%
15-07-2013	15.35	16.2	15.35	15.85	160.70K	3.93%
16-07-2013	15.85	16.5	15.85	16.15	193.30K	1.89%
17-07-2013	16.1	16.6	16.05	16.3	391.20K	0.93%
18-07-2013	16.25	17	16.25	16.75	1.14M	2.76%
19-07-2013	17	17.5	17	17.35	1.21M	3.58%
22-07-2013	17.35	17.35	16.5	17.1	988.50K	-1.44%
23-07-2013	16.8	16.9	16.2	16.45	180.00K	-3.80%
24-07-2013	16.4	16.4	15.75	16	1.12M	-2.74%
25-07-2013	16	16.6	16	16.25	179.80K	1.56%
26-07-2013	16.15	16.25	16.1	16.15	78.50K	-0.62%
29-07-2013	17	17	16	16.2	1.16M	0.31%
30-07-2013	16	16.25	16	16	913.20K	-1.23%
31-07-2013	16.1	16.5	16.05	16.2	612.10K	1.25%
01-08-2013	16.25	16.4	16	16.05	1.27M	-0.93%
02-08-2013	16.35	16.35	15.95	16	1.26M	-0.31%
05-08-2013	16	16.2	15.95	16	1.07M	0.00%
06-08-2013	16	16.2	15.95	16	102.10K	0.00%
07-08-2013	16.1	16.25	16.1	16.1	63.80K	0.63%
08-08-2013	16.05	16.35	16.05	16.15	210.70K	0.31%
12-08-2013	16.2	16.5	16.2	16.4	218.50K	1.55%
13-08-2013	16.4	16.75	16.4	16.45	295.90K	0.30%
14-08-2013	16.55	16.65	16.45	16.5	250.00K	0.30%
15-08-2013	16.6	16.75	16.45	16.65	1.02M	0.91%
16-08-2013	16.65	16.8	16.5	16.7	1.89M	0.30%
19-08-2013	17	17	16.7	16.8	707.00K	0.60%
20-08-2013	16.85	16.95	16.85	16.9	521.10K	0.60%
21-08-2013	16.9	17.45	16.9	16.95	1.23M	0.30%
22-08-2013	16.9	17	16.8	16.8	338.30K	-0.88%
23-08-2013	16.8	16.9	16.5	16.75	161.80K	-0.30%
26-08-2013	16.75	16.75	16.5	16.65	182.30K	-0.60%
27-08-2013	16.7	16.9	16.6	16.65	484.60K	0.00%
28-08-2013	16.5	16.65	16	16.4	226.00K	-1.50%
29-08-2013	16	16.45	16	16.2	101.70K	-1.22%
30-08-2013	16	16.15	16	16.05	136.90K	-0.93%
02-09-2013	16.05	16.4	15.9	16.05	206.00K	0.00%
03-09-2013	16	16.4	14.85	15.9	315.50K	-0.93%
04-09-2013	15.9	16.3	15.6	15.95	267.90K	0.31%
05-09-2013	16.05	16.5	16	16.05	165.80K	0.63%
06-09-2013	16	16.45	16	16.1	213.00K	0.31%
09-09-2013	16.1	16.5	16.05	16.2	392.00K	0.62%
10-09-2013	16.35	16.7	16.35	16.55	177.70K	2.16%
11-09-2013	16.55	16.95	16.55	16.7	191.80K	0.91%
12-09-2013	16.65	16.95	16.5	16.65	218.90K	-0.30%
13-09-2013	16.65	16.85	16.5	16.6	112.10K	-0.30%
16-09-2013	16.55	16.75	16.2	16.45	395.00K	-0.90%
17-09-2013	16.3	16.5	16.1	16.35	532.50K	-0.61%
18-09-2013	16.4	16.5	16.4	16.45	900.90K	0.61%
19-09-2013	16.4	16.75	16.35	16.5	680.60K	0.30%
20-09-2013	16.5	16.5	16.4	16.4	160.90K	-0.61%
23-09-2013	16.4	16.4	16.1	16.35	201.00K	-0.30%
24-09-2013	16.4	16.45	16.1	16.25	213.50K	-0.61%
25-09-2013	16.35	16.5	16.25	16.35	627.70K	0.62%
26-09-2013	16.35	16.4	16.3	16.35	1.59M	0.00%
27-09-2013	16.35	16.9	16.35	16.65	234.00K	1.83%
30-09-2013	16.75	16.75	16.4	16.5	433.40K	-0.90%
01-10-2013	16.6	16.6	16.4	16.55	39.20K	0.30%
02-10-2013	16.5	17	16.25	16.5	1.55M	-0.30%
03-10-2013	16.45	16.5	16.35	16.45	268.00K	-0.30%
04-10-2013	16.55	16.55	16.15	16.3	321.90K	-0.91%
07-10-2013	16.35	16.5	16.1	16.3	158.80K	0.00%
08-10-2013	16.3	16.75	16.25	16.5	163.50K	1.23%
09-10-2013	16.55	16.8	16.3	16.6	366.40K	0.61%
10-10-2013	17	17	16.4	16.75	189.00K	0.90%
11-10-2013	16.7	17.9	16.7	17	242.90K	1.49%
14-10-2013	16.8	17.75	16.7	17.35	771.10K	2.06%
15-10-2013	17.75	17.75	16.9	17.1	138.80K	-1.44%
16-10-2013	17	17.2	16.9	17	287.90K	-0.58%
17-10-2013	16.95	17.2	16.9	17	225.20K	0.00%
18-10-2013	17	17.1	17	17	470.60K	0.00%
22-10-2013	17.05	17.1	16.95	17	454.10K	0.00%
23-10-2013	17	17.1	16.75	16.95	1.25M	-0.29%
24-10-2013	16.95	17	16.5	16.95	1.84M	0.00%
25-10-2013	16.5	17.35	16.5	16.85	288.50K	-0.59%
28-10-2013	16.95	17.3	16.8	17.05	206.10K	1.19%
30-10-2013	17	17.5	17	17.35	780.70K	1.76%
31-10-2013	17.2	17.3	16.8	17	542.30K	-2.02%
01-11-2013	17	17.2	16.6	16.9	831.40K	-0.59%
04-11-2013	17	17	16.75	16.85	389.30K	-0.30%
05-11-2013	16.8	16.8	16	16.7	301.10K	-0.89%
06-11-2013	16.75	16.95	15.2	16.6	206.10K	-0.60%
07-11-2013	16.5	16.8	16	16.45	165.40K	-0.90%
08-11-2013	16.65	16.65	15.2	16.3	857.80K	-0.91%
11-11-2013	16.3	16.3	15.1	15.85	300.20K	-2.76%
12-11-2013	16.2	16.2	15.55	15.75	360.00K	-0.63%
13-11-2013	16	16	15.55	15.7	223.00K	-0.32%
14-11-2013	15.6	15.9	15.6	15.75	167.60K	0.32%
15-11-2013	15.75	16.3	15.75	16.05	98.60K	1.90%
18-11-2013	16.25	16.45	16.2	16.3	180.80K	1.56%
19-11-2013	16.3	16.45	16.3	16.3	153.40K	0.00%
20-11-2013	16.3	16.95	16.3	16.6	318.60K	1.84%
21-11-2013	16.6	16.8	16.55	16.65	124.20K	0.30%
22-11-2013	16.65	17	16.6	16.75	324.20K	0.60%
25-11-2013	16.95	16.95	16.75	16.75	302.00K	0.00%
26-11-2013	16.75	16.75	16.45	16.6	300.60K	-0.90%
27-11-2013	16.45	16.55	15.8	16.25	382.50K	-2.11%
28-11-2013	16	16.3	15.75	15.85	137.80K	-2.46%
29-11-2013	16	16.55	15.75	16.3	987.50K	2.84%
02-12-2013	16.35	16.35	15.9	15.95	140.40K	-2.15%
03-12-2013	15.9	16.1	15.5	15.85	349.40K	-0.63%
04-12-2013	16	16	15.5	15.8	117.70K	-0.32%
05-12-2013	15.65	15.85	15.6	15.65	54.80K	-0.95%
06-12-2013	15.7	15.7	15.6	15.65	65.20K	0.00%
09-12-2013	15.6	15.8	15.5	15.6	128.70K	-0.32%
10-12-2013	15.5	15.7	15.5	15.6	279.00K	0.00%
11-12-2013	15.55	15.6	15	15.35	84.50K	-1.60%
16-12-2013	15.6	15.6	15.05	15.15	127.60K	-1.30%
17-12-2013	15.1	15.8	15.05	15.3	229.70K	0.99%
18-12-2013	15.8	15.8	15.25	15.45	1.95M	0.98%
19-12-2013	15.35	15.35	12	14.6	287.10K	-5.50%
20-12-2013	14.3	14.45	13.8	14.2	328.60K	-2.74%
23-12-2013	14	14.3	13.9	14	147.50K	-1.41%
24-12-2013	14	14	13.5	13.85	136.80K	-1.07%
27-12-2013	13.65	13.9	13.65	13.75	21.10K	-0.72%
30-12-2013	13.85	13.85	13.55	13.65	400.90K	-0.73%
31-12-2013	13.55	13.65	13	13.55	997.70K	-0.73%
02-01-2014	13.55	13.55	13	13.25	39.40K	-2.21%
03-01-2014	13	13	12.5	12.5	481.80K	-5.66%
06-01-2014	13	13	12.4	12.5	416.40K	0.00%
07-01-2014	12.5	12.6	12	12.35	216.00K	-1.20%
08-01-2014	12.3	12.3	12.05	12.15	557.10K	-1.62%
09-01-2014	12.15	12.15	12	12.1	791.10K	-0.41%
10-01-2014	12.05	12.1	11.85	12	557.40K	-0.83%
13-01-2014	11.9	11.9	11.7	11.8	497.50K	-1.67%
14-01-2014	11.9	12.95	11.9	12.6	176.90K	6.78%
15-01-2014	13.85	13.85	13.85	13.85	144.40K	9.92%
16-01-2014	14.5	14.5	12.9	13.65	884.80K	-1.44%
17-01-2014	13.5	13.65	13	13.25	528.50K	-2.93%
20-01-2014	13.45	14	13.2	13.75	893.50K	3.77%
21-01-2014	13.8	14	13.65	13.75	1.42M	0.00%
22-01-2014	13.75	13.8	13.5	13.6	210.00K	-1.09%
23-01-2014	13.7	13.7	13.45	13.5	321.80K	-0.74%
24-01-2014	13.5	13.6	13.4	13.5	447.80K	0.00%
27-01-2014	13.6	13.75	13.35	13.4	139.20K	-0.74%
28-01-2014	14.2	14.2	12.5	13.15	203.80K	-1.87%
29-01-2014	13	13	12.5	12.85	84.60K	-2.28%
30-01-2014	12.6	12.9	11.6	12.1	259.00K	-5.84%
31-01-2014	11.75	12.5	11.75	12.05	253.00K	-0.41%
03-02-2014	12.45	12.5	11.8	12.1	50.60K	0.41%
04-02-2014	12.1	12.1	11.85	12	269.00K	-0.83%
05-02-2014	12	12	11.8	11.95	179.20K	-0.42%
06-02-2014	12	12.05	11.8	11.9	80.60K	-0.42%
07-02-2014	11.95	12	11.8	11.9	507.80K	0.00%
10-02-2014	11.8	11.9	11.7	11.8	155.40K	-0.84%
11-02-2014	11.9	12	11.75	11.85	850.30K	0.42%
12-02-2014	11.95	12	11.85	11.9	182.60K	0.42%
13-02-2014	11.9	11.9	11.7	11.85	160.70K	-0.42%
14-02-2014	11.85	11.9	11.7	11.8	179.90K	-0.42%
17-02-2014	12	12	11.6	11.75	134.60K	-0.42%
18-02-2014	11.8	11.85	11	11.6	73.10K	-1.28%
19-02-2014	11.7	11.85	11.5	11.65	257.60K	0.43%
20-02-2014	11.8	11.8	11.5	11.6	56.50K	-0.43%
21-02-2014	11.65	11.65	10.95	11.1	291.80K	-4.31%
24-02-2014	10.5	11	10	10.75	146.60K	-3.15%
25-02-2014	11	11	10.5	10.8	234.50K	0.47%
26-02-2014	10.75	11	10.75	10.9	196.20K	0.93%
27-02-2014	10.7	11	10.7	10.85	182.90K	-0.46%
28-02-2014	11	11	10.8	10.9	287.70K	0.46%
03-03-2014	10.9	11	10.75	10.85	206.50K	-0.46%
04-03-2014	10.9	11	10.85	10.9	161.20K	0.46%
05-03-2014	11	11.4	10.95	11.1	273.50K	1.83%
06-03-2014	11.4	11.9	11.1	11.4	82.30K	2.70%
07-03-2014	11.95	12.2	11.5	11.9	454.60K	4.39%
10-03-2014	11.9	12	11.5	11.9	126.00K	0.00%
11-03-2014	11.95	11.95	11.8	11.85	238.60K	-0.42%
12-03-2014	11.9	12.35	11.9	12	206.60K	1.27%
13-03-2014	12.1	12.5	12.1	12.2	323.70K	1.67%
14-03-2014	12.3	12.5	12.2	12.3	70.80K	0.82%
17-03-2014	12.3	12.3	11.65	12	849.90K	-2.44%
18-03-2014	11.9	12.2	11.9	12	117.00K	0.00%
19-03-2014	12	12	11.6	11.8	508.60K	-1.67%
20-03-2014	12	12	11.55	11.7	282.80K	-0.85%
21-03-2014	11.65	11.8	11.5	11.6	595.10K	-0.85%
24-03-2014	11.8	11.8	11.55	11.65	90.30K	0.43%
25-03-2014	11.7	11.8	11.5	11.6	129.20K	-0.43%
26-03-2014	11.65	11.8	11.5	11.6	127.40K	0.00%
27-03-2014	11.5	11.95	11	11.6	63.30K	0.00%
28-03-2014	11.95	12.3	11.7	11.95	489.90K	3.02%
31-03-2014	11.8	12.25	11.8	12	75.80K	0.42%
01-04-2014	12	12.35	12	12.15	92.50K	1.25%
02-04-2014	12.3	12.3	11.85	12.1	142.70K	-0.41%
03-04-2014	12.05	12.05	11.8	11.9	61.70K	-1.65%
04-04-2014	11.9	11.9	11.75	11.8	94.50K	-0.84%
07-04-2014	11.8	11.95	11.75	11.75	1.13M	-0.42%
08-04-2014	11.8	11.95	11.6	11.75	228.60K	0.00%
09-04-2014	11.95	11.95	11.7	11.75	316.20K	0.00%
10-04-2014	11.7	11.9	11.7	11.8	193.40K	0.43%
11-04-2014	11.8	11.9	11.7	11.8	1.56M	0.00%
14-04-2014	11.75	11.9	11.7	11.8	225.30K	0.00%
15-04-2014	11.8	12	11.6	11.8	329.30K	0.00%
16-04-2014	11.7	11.8	11.45	11.7	753.80K	-0.85%
17-04-2014	12	12	11.7	11.8	207.80K	0.85%
22-04-2014	11.8	11.9	11.75	11.8	113.00K	0.00%
23-04-2014	11.8	11.85	11.75	11.75	184.80K	-0.42%
24-04-2014	11.75	11.75	11.65	11.7	167.90K	-0.43%
25-04-2014	11.7	11.8	11.65	11.7	402.60K	0.00%
28-04-2014	11.7	11.8	11.6	11.65	118.10K	-0.43%
29-04-2014	11.65	11.75	11.5	11.65	273.20K	0.00%
30-04-2014	11.65	11.7	11.5	11.65	154.00K	0.00%
02-05-2014	11.7	11.7	11.45	11.6	136.70K	-0.43%
05-05-2014	11.6	11.65	11.4	11.5	139.40K	-0.86%
06-05-2014	11.55	11.55	11.2	11.35	188.60K	-1.30%
07-05-2014	11.25	11.3	11.1	11.25	143.10K	-0.88%
08-05-2014	11.25	11.3	11.2	11.25	140.10K	0.00%
09-05-2014	11.3	11.4	11.2	11.3	166.80K	0.44%
12-05-2014	11.4	11.5	11.25	11.35	215.30K	0.44%
13-05-2014	11.3	11.35	11.05	11.15	120.50K	-1.76%
14-05-2014	11.25	11.3	11	11.15	78.90K	0.00%
15-05-2014	11.3	11.3	11	11.05	336.90K	-0.90%
16-05-2014	11.2	11.2	11	11.05	267.00K	0.00%
19-05-2014	11	11	10.9	10.95	150.10K	-0.90%
20-05-2014	11	11.05	10.9	10.95	287.60K	0.00%
21-05-2014	11	11.05	10.9	10.95	221.90K	0.00%
22-05-2014	10.95	11	10.5	10.9	181.20K	-0.46%
23-05-2014	10.75	10.9	10.65	10.75	73.20K	-1.38%
26-05-2014	10.65	10.75	10.6	10.65	102.40K	-0.93%
27-05-2014	10.65	10.65	10.5	10.55	161.00K	-0.94%
28-05-2014	10.6	10.6	10.2	10.4	284.40K	-1.42%
29-05-2014	10.5	10.5	10.2	10.3	164.50K	-0.96%
30-05-2014	10.4	10.4	10.2	10.25	473.90K	-0.49%
03-06-2014	10.3	10.45	10	10.25	135.80K	0.00%
04-06-2014	10.3	10.35	10	10.1	155.00K	-1.46%
05-06-2014	10	10.05	10	10	158.80K	-0.99%
06-06-2014	9.9	10.1	9.9	9.95	299.60K	-0.50%
09-06-2014	10	10	9.65	9.85	350.80K	-1.01%
10-06-2014	9.75	9.75	9.45	9.55	298.70K	-3.05%
11-06-2014	9.5	9.9	9.5	9.6	199.30K	0.52%
12-06-2014	9.7	9.7	9.3	9.55	296.80K	-0.52%
13-06-2014	9.7	9.7	9.3	9.4	378.30K	-1.57%
16-06-2014	9.4	9.55	9.15	9.3	200.40K	-1.06%
17-06-2014	9.5	9.5	8.9	9	492.80K	-3.23%
18-06-2014	9.2	9.3	8.7	8.9	882.50K	-1.11%
19-06-2014	9.3	9.5	9.05	9.2	208.20K	3.37%
20-06-2014	9.5	10.1	9.4	9.7	281.90K	5.43%
23-06-2014	10.1	10.65	10.1	10.45	363.10K	7.73%
24-06-2014	10.9	11.4	10.9	11	672.50K	5.26%
25-06-2014	11.25	11.25	10.6	10.95	996.50K	-0.45%
26-06-2014	11	11	10.45	10.8	470.90K	-1.37%
27-06-2014	11	11	10.6	10.9	232.30K	0.93%
30-06-2014	10.85	10.95	10.25	10.85	73.90K	-0.46%
01-07-2014	10.9	10.9	10.25	10.65	240.30K	-1.84%
02-07-2014	10.65	10.65	10.1	10.3	417.20K	-3.29%
03-07-2014	10.35	10.6	10.2	10.3	173.10K	0.00%
04-07-2014	10.5	10.5	10	10.2	108.30K	-0.97%
07-07-2014	10	10.2	9.8	10	148.90K	-1.96%
08-07-2014	10	10	9.8	9.95	77.60K	-0.50%
09-07-2014	9.95	10	9.9	9.95	101.60K	0.00%
10-07-2014	9.95	10	9.8	9.95	250.40K	0.00%
11-07-2014	9.9	10	9.9	9.95	163.50K	0.00%
14-07-2014	10	10	9.75	9.95	213.60K	0.00%
15-07-2014	9.95	10	9.9	9.95	226.20K	0.00%
16-07-2014	9.95	9.95	9.8	9.85	106.00K	-1.01%
17-07-2014	9.8	9.9	9.75	9.8	266.30K	-0.51%
18-07-2014	9.8	9.85	9.75	9.8	146.10K	0.00%
21-07-2014	9.85	9.9	9.6	9.8	160.90K	0.00%
22-07-2014	9.75	9.9	9.75	9.8	43.80K	0.00%
23-07-2014	9.9	9.9	9.15	9.7	253.90K	-1.02%
24-07-2014	9.8	9.8	9.1	9.4	126.00K	-3.09%
25-07-2014	9.4	9.4	9	9.05	202.90K	-3.72%
28-07-2014	9.05	9.45	9	9.05	549.60K	0.00%
30-07-2014	9.1	9.1	8.9	9	171.80K	-0.55%
31-07-2014	9	9.3	9	9.2	379.90K	2.22%
01-08-2014	9.3	9.75	9.1	9.35	96.50K	1.63%
04-08-2014	9.6	10	9.6	9.8	270.70K	4.81%
05-08-2014	9.8	10	9.6	9.8	146.50K	0.00%
06-08-2014	9.8	9.95	9.6	9.8	112.30K	0.00%
07-08-2014	9.95	10	9.7	9.9	147.30K	1.02%
08-08-2014	10	10	9.9	9.95	86.60K	0.51%
11-08-2014	9.9	10	9.8	9.85	174.90K	-1.01%
12-08-2014	9.9	10.1	9.9	10	415.70K	1.52%
13-08-2014	10	10.2	10	10.15	358.20K	1.50%
14-08-2014	10.1	10.8	10.05	10.2	383.50K	0.49%
15-08-2014	10.35	11.2	10.35	11.15	412.60K	9.31%
18-08-2014	11	12	10.8	11.5	348.50K	3.14%
19-08-2014	11.65	11.65	11	11.4	2.61M	-0.87%
20-08-2014	11.4	11.45	10.55	11.15	152.40K	-2.19%
21-08-2014	11.2	11.2	10.6	10.95	185.40K	-1.79%
22-08-2014	10.95	11.4	10.95	11.05	150.60K	0.91%
25-08-2014	11.1	11.4	10.7	10.95	94.40K	-0.90%
26-08-2014	10.95	11.2	10.95	11.05	115.50K	0.91%
27-08-2014	11.2	11.35	10.8	11	2.33M	-0.45%
28-08-2014	11	11.2	10.9	11	1.16M	0.00%
29-08-2014	11	11	10.8	10.9	154.30K	-0.91%
01-09-2014	10.85	11	10.7	10.85	191.00K	-0.46%
02-09-2014	10.8	10.9	10.5	10.55	180.70K	-2.76%
03-09-2014	10.5	10.55	10.15	10.4	204.70K	-1.42%
04-09-2014	10.25	10.4	10.1	10.2	380.70K	-1.92%
05-09-2014	10.2	10.55	10.2	10.35	117.40K	1.47%
08-09-2014	10.4	10.5	10.35	10.4	371.10K	0.48%
09-09-2014	10.35	10.6	10.3	10.4	1.79M	0.00%
10-09-2014	10.4	11.15	10.4	10.8	110.20K	3.85%
11-09-2014	10.8	11.15	10.55	10.85	971.00K	0.46%
12-09-2014	11	11	10.8	10.85	95.50K	0.00%
15-09-2014	10.9	10.95	10.6	10.8	192.40K	-0.46%
16-09-2014	10.85	11	10.5	10.65	449.80K	-1.39%
17-09-2014	10.7	10.9	10.55	10.75	267.20K	0.94%
18-09-2014	10.7	11	10.65	10.7	583.10K	-0.47%
19-09-2014	10.7	10.8	10.4	10.6	464.60K	-0.93%
22-09-2014	10.6	11	10.4	10.8	442.90K	1.89%
23-09-2014	10.5	10.6	10.2	10.4	228.20K	-3.70%
24-09-2014	10.5	10.55	10.15	10.4	349.50K	0.00%
25-09-2014	10.4	10.5	10.1	10.15	215.40K	-2.40%
26-09-2014	10.4	10.4	10.05	10.15	275.60K	0.00%
29-09-2014	10.2	10.45	10.05	10.2	112.40K	0.49%
30-09-2014	10.1	10.4	10	10.05	533.90K	-1.47%
01-10-2014	10.15	10.4	10.1	10.15	53.80K	1.00%
02-10-2014	10.5	10.5	10.05	10.15	150.60K	0.00%
03-10-2014	10.2	10.95	10.1	10.45	196.60K	2.96%
06-10-2014	10.5	11.2	10.35	10.75	324.70K	2.87%
07-10-2014	10.6	10.7	10.5	10.55	163.60K	-1.86%
08-10-2014	10.55	11	10.5	10.85	861.00K	2.84%
09-10-2014	11	11.3	10.7	11.2	404.70K	3.23%
10-10-2014	11.5	11.9	11.15	11.6	161.40K	3.57%
13-10-2014	11.6	12.75	11.6	12.4	847.10K	6.90%
14-10-2014	12.4	12.4	11.5	11.9	423.70K	-4.03%
15-10-2014	11.9	12	11.5	11.75	359.10K	-1.26%
16-10-2014	12	12.2	11.65	11.95	260.10K	1.70%
17-10-2014	12.2	12.8	12.2	12.5	739.90K	4.60%
21-10-2014	12.7	13	12.5	12.8	299.40K	2.40%
22-10-2014	12.8	13	12.5	12.7	463.00K	-0.78%
23-10-2014	12.8	13.15	12.7	12.95	706.40K	1.97%
24-10-2014	12.5	12.5	10	11.5	645.10K	-11.20%
27-10-2014	11	11.2	10.75	10.95	294.30K	-4.78%
28-10-2014	10.95	11	10.5	10.7	330.50K	-2.28%
29-10-2014	10.8	10.9	10.4	10.5	420.40K	-1.87%
30-10-2014	10.5	10.5	10.15	10.25	313.10K	-2.38%
31-10-2014	10.3	10.5	10	10	520.50K	-2.44%
03-11-2014	10.05	10.3	9.9	10	456.80K	0.00%
04-11-2014	10	10.3	9.9	9.9	274.60K	-1.00%
05-11-2014	10	10	9.7	9.75	221.20K	-1.52%
06-11-2014	9.8	9.85	9.65	9.75	314.80K	0.00%
07-11-2014	9.9	9.9	9.6	9.65	367.90K	-1.03%
10-11-2014	9.65	9.7	9.6	9.65	230.60K	0.00%
11-11-2014	9.65	9.75	9.65	9.65	153.10K	0.00%
12-11-2014	9.65	10	9.65	9.8	436.10K	1.55%
13-11-2014	10	10.45	10	10	472.00K	2.04%
14-11-2014	10	10.2	9.85	9.95	686.60K	-0.50%
17-11-2014	10	10.45	9.95	10.1	159.50K	1.51%
18-11-2014	10.3	10.7	10	10.05	2.99M	-0.50%
19-11-2014	10.45	10.85	10.15	10.6	252.40K	5.47%
20-11-2014	10.6	11.45	10.6	11	469.30K	3.77%
21-11-2014	11.2	11.6	11.05	11.35	671.80K	3.18%
24-11-2014	11.05	11.3	10.65	10.95	481.60K	-3.52%
25-11-2014	11	11	10.65	10.75	243.40K	-1.83%
26-11-2014	10.8	10.9	10.65	10.8	165.10K	0.47%
27-11-2014	10.85	10.9	10.65	10.8	270.30K	0.00%
28-11-2014	10.75	10.8	10.65	10.75	698.80K	-0.46%
01-12-2014	10.8	10.8	10.65	10.7	276.50K	-0.47%
02-12-2014	10.8	11	10.75	10.8	669.00K	0.93%
03-12-2014	11	11	10.8	10.85	433.90K	0.46%
04-12-2014	10.85	11	10.85	10.9	443.90K	0.46%
05-12-2014	10.9	11.3	10.8	11.1	221.60K	1.83%
08-12-2014	11.05	11.2	10.9	11	320.50K	-0.90%
09-12-2014	11.1	11.1	10.85	11	692.90K	0.00%
10-12-2014	10.8	10.9	10.8	10.8	234.40K	-1.82%
11-12-2014	10.8	11	10.6	10.75	423.80K	-0.46%
15-12-2014	10.85	11	10.6	10.75	102.30K	0.00%
16-12-2014	10.7	10.7	10.25	10.55	340.10K	-1.86%
17-12-2014	10.55	10.55	9.55	9.95	445.60K	-5.69%
18-12-2014	9.9	9.9	9.65	9.75	389.50K	-2.01%
19-12-2014	9.6	9.75	9	9.3	577.20K	-4.62%
22-12-2014	9.25	9.8	8.8	9.05	435.10K	-2.69%
23-12-2014	9.3	9.3	8.8	9.05	1.16M	0.00%
24-12-2014	9.2	9.8	9.05	9.5	104.30K	4.97%
29-12-2014	9.75	10.05	9.55	9.75	367.30K	2.63%
30-12-2014	10	10.2	9.85	10.05	151.80K	3.08%
31-12-2014	10.15	10.5	10.15	10.3	87.20K	2.49%
02-01-2015	10.2	10.3	10.15	10.15	34.60K	-1.46%
05-01-2015	10.2	10.2	9.4	9.85	99.90K	-2.96%
06-01-2015	9.85	9.95	9.4	9.55	113.50K	-3.05%
07-01-2015	9.5	9.8	9.4	9.5	91.30K	-0.52%
08-01-2015	9.75	9.8	9.6	9.7	75.70K	2.11%
09-01-2015	9.75	10	9.6	9.8	201.10K	1.03%
12-01-2015	9.8	10	9.7	9.8	82.20K	0.00%
13-01-2015	9.8	10.7	9.65	9.95	200.00K	1.53%
14-01-2015	9.7	9.9	9.6	9.7	109.10K	-2.51%
15-01-2015	9.8	9.85	9.6	9.7	60.50K	0.00%
16-01-2015	9.7	10	9.7	9.9	116.50K	2.06%
19-01-2015	9.8	9.85	9.55	9.7	285.10K	-2.02%
20-01-2015	9.75	9.8	9.5	9.55	168.80K	-1.55%
21-01-2015	9.6	9.75	9.55	9.6	77.80K	0.52%
22-01-2015	9.6	9.75	9.5	9.55	390.30K	-0.52%
23-01-2015	9.5	9.7	9.4	9.5	94.30K	-0.52%
26-01-2015	10	10	9.5	9.5	269.40K	0.00%
27-01-2015	9.75	9.75	9.55	9.6	49.10K	1.05%
28-01-2015	9.7	9.75	9.5	9.6	196.40K	0.00%
29-01-2015	9.5	9.7	9.3	9.55	131.90K	-0.52%
30-01-2015	9.7	9.7	9.4	9.45	2.80M	-1.05%
02-02-2015	9.5	9.6	9.3	9.5	84.20K	0.53%
03-02-2015	9.6	9.85	9.6	9.65	236.40K	1.58%
04-02-2015	9.65	9.8	9.65	9.7	405.60K	0.52%
05-02-2015	9.75	9.8	9.7	9.75	124.70K	0.52%
06-02-2015	9.8	10.3	9.7	9.7	1.73M	-0.51%
09-02-2015	10.5	10.5	9.8	10	1.73M	3.09%
10-02-2015	10	10.2	9.95	10	1.55M	0.00%
11-02-2015	10	10.45	10	10.2	742.10K	2.00%
12-02-2015	10.35	10.35	10.2	10.25	216.00K	0.49%
13-02-2015	10.4	10.4	10.2	10.25	192.80K	0.00%
16-02-2015	10.35	10.5	10.2	10.35	196.80K	0.98%
17-02-2015	10.35	10.95	10.35	10.7	165.50K	3.38%
18-02-2015	10.7	10.75	10.5	10.6	345.40K	-0.93%
19-02-2015	10.6	10.7	10.5	10.55	576.10K	-0.47%
20-02-2015	10.7	10.9	10.6	10.65	1.33M	0.95%
23-02-2015	10.8	10.85	10.55	10.75	712.50K	0.94%
24-02-2015	10.8	10.8	10.5	10.65	167.60K	-0.93%
25-02-2015	10.75	10.75	10.6	10.65	115.50K	0.00%
26-02-2015	10.65	10.65	10.55	10.6	240.00K	-0.47%
27-02-2015	11	13	11	12.05	4.43M	13.68%
02-03-2015	12	12.5	12	12.25	1.33M	1.66%
03-03-2015	12.25	12.6	11.9	12.45	5.76M	1.63%
04-03-2015	12	12.5	12	12.3	275.40K	-1.20%
05-03-2015	12.25	12.35	11.9	12.1	914.50K	-1.63%
06-03-2015	12	12	11.8	11.8	650.30K	-2.48%
09-03-2015	11.9	11.9	11.5	11.7	302.90K	-0.85%
10-03-2015	11.6	11.6	11	11.1	1.02M	-5.13%
11-03-2015	11.2	11.45	11.1	11.2	502.00K	0.90%
12-03-2015	11.2	11.3	11	11.05	1.75M	-1.34%
13-03-2015	11.5	11.5	10.8	11.1	45.00K	0.45%
16-03-2015	11	11.2	11	11	347.30K	-0.90%
17-03-2015	11	11.2	10.9	11	1.01M	0.00%
18-03-2015	11	11.2	10.8	11	518.10K	0.00%
19-03-2015	11	11.15	10.8	10.95	68.40K	-0.45%
20-03-2015	11.3	11.3	10.95	11.1	116.80K	1.37%
23-03-2015	11	11.25	10.95	11	201.30K	-0.90%
24-03-2015	11	11.3	10.85	11	129.60K	0.00%
25-03-2015	11	11.1	10.8	10.85	346.70K	-1.36%
26-03-2015	10.95	10.95	10.5	10.65	1.12M	-1.84%
27-03-2015	10.05	10.75	9.7	9.95	505.00K	-6.57%
30-03-2015	9.9	10.75	9.75	9.85	983.30K	-1.01%
31-03-2015	9.85	10	9.7	9.85	340.50K	0.00%
01-04-2015	10	10.75	9.9	10.05	874.30K	2.03%
02-04-2015	10.2	10.95	10.2	10.85	69.70K	7.96%
07-04-2015	10.8	11.65	10.8	10.9	111.70K	0.46%
08-04-2015	11.35	11.35	10.5	10.65	345.90K	-2.29%
09-04-2015	10.7	10.7	10.2	10.3	47.40K	-3.29%
10-04-2015	10.25	10.25	9.95	10.05	51.80K	-2.43%
13-04-2015	10.9	10.9	9.9	10	177.60K	-0.50%
14-04-2015	10	10.25	10	10.05	180.50K	0.50%
15-04-2015	10	10.15	10	10	51.80K	-0.50%
16-04-2015	10.05	10.15	10	10	89.10K	0.00%
17-04-2015	10.1	10.5	10	10.05	114.60K	0.50%
20-04-2015	10.05	10.05	9.8	9.95	105.50K	-1.00%
21-04-2015	9.9	10	9.7	9.75	268.80K	-2.01%
22-04-2015	9.9	9.9	9.7	9.75	233.90K	0.00%
23-04-2015	9.75	9.8	9.6	9.7	320.30K	-0.51%
24-04-2015	9.7	9.9	9.7	9.75	60.40K	0.52%
27-04-2015	9.8	10	9.75	9.8	183.00K	0.51%
28-04-2015	9.9	10.35	9.9	10	665.80K	2.04%
29-04-2015	9.95	10.1	9.9	9.95	517.10K	-0.50%
30-04-2015	10	10	9.9	9.95	374.00K	0.00%
04-05-2015	9.95	10	9.85	9.9	572.50K	-0.50%
05-05-2015	9.9	10	9.8	9.85	268.40K	-0.51%
06-05-2015	9.9	9.9	9.7	9.8	106.30K	-0.51%
07-05-2015	9.85	9.85	9.6	9.7	650.50K	-1.02%
08-05-2015	9.8	10	9.5	9.65	150.20K	-0.52%
11-05-2015	9.5	10	9.45	9.6	501.30K	-0.52%
12-05-2015	9.8	9.8	9.5	9.55	84.70K	-0.52%
13-05-2015	9.6	9.75	9.25	9.4	1.10M	-1.57%
14-05-2015	9.7	9.7	9.4	9.45	125.40K	0.53%
15-05-2015	9.5	9.75	9.45	9.5	148.80K	0.53%
18-05-2015	9.6	9.75	9.5	9.6	151.40K	1.05%
19-05-2015	9.6	9.6	9.5	9.55	110.50K	-0.52%
20-05-2015	9.55	9.6	9.4	9.45	644.40K	-1.05%
21-05-2015	9.6	9.65	9.5	9.55	73.40K	1.06%
22-05-2015	9.5	9.6	9.4	9.5	209.80K	-0.52%
25-05-2015	9.5	9.5	9.35	9.4	87.70K	-1.05%
26-05-2015	9.5	9.5	9.2	9.3	407.30K	-1.06%
27-05-2015	9.4	9.4	9	9.15	309.80K	-1.61%
28-05-2015	9.3	9.3	9	9.1	195.90K	-0.55%
29-05-2015	9.15	9.2	9	9.15	867.30K	0.55%
02-06-2015	9.2	9.2	9.05	9.15	309.50K	0.00%
03-06-2015	9.2	9.2	8.95	9	463.00K	-1.64%
04-06-2015	9.1	9.4	8.95	9.1	264.60K	1.11%
05-06-2015	9.05	9.1	9	9.05	253.50K	-0.55%
08-06-2015	9.05	9.2	9	9	207.00K	-0.55%
09-06-2015	9.2	9.4	9	9	270.60K	0.00%
10-06-2015	9.1	9.2	8.95	9	445.80K	0.00%
11-06-2015	8.95	9.2	8.95	9	520.00K	0.00%
12-06-2015	9.1	9.2	9	9.1	591.40K	1.11%
15-06-2015	9	9.3	9	9.15	124.20K	0.55%
16-06-2015	9.1	9.2	9	9	445.20K	-1.64%
17-06-2015	9.15	9.3	9	9.1	60.70K	1.11%
18-06-2015	9	9.3	9	9.05	417.60K	-0.55%
19-06-2015	9.1	9.2	9.05	9.15	105.30K	1.10%
22-06-2015	9.3	9.3	9.2	9.2	129.20K	0.55%
23-06-2015	9.25	9.35	9	9.2	131.60K	0.00%
24-06-2015	9.2	9.2	9	9.05	254.30K	-1.63%
25-06-2015	9.05	9.15	9	9.05	287.00K	0.00%
26-06-2015	9.1	9.1	9	9	302.00K	-0.55%
29-06-2015	9.05	9.2	9	9.05	30.00K	0.56%
30-06-2015	9.2	9.75	9	9.25	77.70K	2.21%
01-07-2015	9.25	9.3	9.1	9.2	360.10K	-0.54%
02-07-2015	9.1	9.4	9	9	1.18M	-2.17%
03-07-2015	9	9.25	9	9.1	49.90K	1.11%
06-07-2015	9.2	9.7	9.2	9.45	921.40K	3.85%
07-07-2015	9.2	9.8	9.2	9.5	78.90K	0.53%
08-07-2015	9.5	9.6	9.05	9.35	259.60K	-1.58%
09-07-2015	9.4	9.65	8.45	9	935.20K	-3.74%
10-07-2015	8.5	9.25	8.5	8.8	77.20K	-2.22%
13-07-2015	9.1	9.2	8.85	8.95	143.40K	1.70%
14-07-2015	8.9	9.2	8.9	9	107.20K	0.56%
15-07-2015	8.85	9.1	8.7	8.95	258.40K	-0.56%
16-07-2015	8.7	9	8.6	8.7	74.60K	-2.79%
17-07-2015	8.7	9	8.6	8.85	133.10K	1.72%
20-07-2015	8.7	9.1	8.55	8.6	533.10K	-2.82%
21-07-2015	8.9	9	8.5	8.6	275.60K	0.00%
22-07-2015	8.5	8.8	8.3	8.35	593.90K	-2.91%
23-07-2015	8.6	8.6	8	8.4	102.60K	0.60%
24-07-2015	8.35	8.5	8	8.25	43.20K	-1.79%
27-07-2015	8.25	8.5	8	8.25	103.10K	0.00%
28-07-2015	8.25	8.9	8.25	8.55	1.17M	3.64%
29-07-2015	8.35	8.8	8.35	8.6	92.80K	0.58%
30-07-2015	8.35	8.75	8.3	8.5	134.70K	-1.16%
31-07-2015	8.35	8.55	8.3	8.45	115.80K	-0.59%
03-08-2015	8.45	8.55	8.3	8.45	228.30K	0.00%
04-08-2015	8.3	8.45	8.2	8.3	81.10K	-1.78%
05-08-2015	8.4	8.45	8.3	8.4	95.40K	1.20%
06-08-2015	8.45	8.45	8.25	8.35	212.90K	-0.60%
07-08-2015	8.15	8.5	8.15	8.25	37.20K	-1.20%
10-08-2015	8.3	8.5	8.2	8.3	498.40K	0.61%
11-08-2015	8.05	8.3	8	8.25	216.10K	-0.60%
12-08-2015	8.3	8.4	8.25	8.3	101.60K	0.61%
13-08-2015	8.3	8.35	8.2	8.3	112.30K	0.00%
14-08-2015	8.35	8.4	8.15	8.3	291.60K	0.00%
17-08-2015	8.25	8.5	8.1	8.25	102.10K	-0.60%
18-08-2015	8.3	8.3	8.1	8.2	85.30K	-0.61%
19-08-2015	8.2	8.3	8.1	8.2	91.80K	0.00%
20-08-2015	8.2	8.4	8.15	8.25	40.50K	0.61%
21-08-2015	8.25	8.25	8	8.15	180.80K	-1.21%
24-08-2015	8	8.1	7.5	8	1.30M	-1.84%
25-08-2015	8	8.15	7.8	8	1.08M	0.00%
26-08-2015	7.55	8	7.5	7.95	1.16M	-0.63%
27-08-2015	7.5	8	7.2	7.5	272.80K	-5.66%
28-08-2015	7.5	8	7.2	7.5	69.10K	0.00%
31-08-2015	8	8	7.75	7.9	361.40K	5.33%
01-09-2015	8	8.6	7.75	8.15	191.90K	3.16%
02-09-2015	8.4	8.4	8	8.1	41.40K	-0.61%
03-09-2015	8.15	8.35	8	8.3	363.00K	2.47%
04-09-2015	8	8.9	8	8.2	78.50K	-1.20%
07-09-2015	8.8	8.8	8.3	8.45	37.70K	3.05%
08-09-2015	8.35	8.8	8.25	8.4	81.60K	-0.59%
09-09-2015	8.45	8.45	8.25	8.3	199.50K	-1.19%
10-09-2015	8.3	8.35	8.15	8.25	141.50K	-0.60%
11-09-2015	8.25	8.35	8.15	8.2	143.20K	-0.61%
14-09-2015	8.25	8.25	8.1	8.15	787.80K	-0.61%
15-09-2015	8.15	8.3	8.1	8.2	289.00K	0.61%
16-09-2015	8.25	8.75	8.2	8.3	965.30K	1.22%
17-09-2015	8.35	8.5	8.3	8.35	793.80K	0.60%
18-09-2015	8.45	8.45	8.15	8.25	413.60K	-1.20%
21-09-2015	8.4	8.5	8.25	8.4	66.80K	1.82%
22-09-2015	8.4	8.65	8.2	8.35	132.90K	-0.60%
23-09-2015	8.2	8.4	8.15	8.3	175.30K	-0.60%
24-09-2015	8.25	8.3	8.1	8.2	51.70K	-1.20%
25-09-2015	8.3	8.3	8.2	8.25	199.50K	0.61%
28-09-2015	8.35	8.4	8.25	8.35	390.40K	1.21%
29-09-2015	8.35	8.4	8.25	8.3	228.10K	-0.60%
30-09-2015	8.3	8.5	8.3	8.35	122.90K	0.60%
01-10-2015	8.4	8.5	8.35	8.4	67.00K	0.60%
02-10-2015	8.4	8.5	8.35	8.35	254.00K	-0.60%
05-10-2015	8.4	8.5	8.3	8.35	200.60K	0.00%
06-10-2015	8.3	8.35	8.3	8.3	39.00K	-0.60%
07-10-2015	8.35	8.35	8.2	8.25	392.10K	-0.60%
08-10-2015	8.35	8.4	8.15	8.25	208.70K	0.00%
09-10-2015	8.25	8.3	8.2	8.2	40.50K	-0.61%
12-10-2015	8.2	8.4	8.2	8.3	546.20K	1.22%
13-10-2015	8.5	11	8.5	9.95	3.09M	19.88%
14-10-2015	9.55	9.55	9.2	9.35	1.78M	-6.03%
15-10-2015	9.3	9.4	9.05	9.15	135.40K	-2.14%
16-10-2015	9.3	9.3	9	9.1	235.20K	-0.55%
19-10-2015	9.3	9.3	9	9.05	170.10K	-0.55%
21-10-2015	9.1	9.2	8.8	8.85	206.90K	-2.21%
22-10-2015	8.95	8.95	8.65	8.8	143.30K	-0.56%
23-10-2015	8.7	8.8	8.6	8.65	608.40K	-1.70%
26-10-2015	8.6	8.65	8.55	8.6	98.60K	-0.58%
27-10-2015	8.65	8.95	8.6	8.7	67.60K	1.16%
28-10-2015	8.65	8.95	8.65	8.75	161.30K	0.57%
29-10-2015	8.75	8.9	8.6	8.75	833.50K	0.00%
30-10-2015	8.75	8.9	8.55	8.7	187.00K	-0.57%
02-11-2015	8.75	8.75	8.5	8.55	116.50K	-1.72%
03-11-2015	8.7	8.7	8.5	8.6	157.70K	0.58%
04-11-2015	8.7	8.7	8.5	8.6	179.80K	0.00%
05-11-2015	8.6	8.95	8.55	8.65	169.50K	0.58%
06-11-2015	8.95	9	8.6	8.9	310.70K	2.89%
09-11-2015	8.9	9.3	8.9	9.05	101.70K	1.69%
10-11-2015	9	9.3	8.9	9	232.20K	-0.55%
11-11-2015	9	9	8.6	8.8	240.30K	-2.22%
12-11-2015	8.65	8.75	8	8.25	429.60K	-6.25%
13-11-2015	8.2	8.5	8.1	8.25	789.80K	0.00%
16-11-2015	8.25	8.35	8.15	8.2	306.60K	-0.61%
17-11-2015	8.8	8.8	8.15	8.2	105.20K	0.00%
18-11-2015	8.2	8.9	7.5	8.05	798.90K	-1.83%
19-11-2015	8	8.1	7.65	7.8	613.30K	-3.11%
20-11-2015	7.8	8.2	7.75	7.85	75.80K	0.64%
23-11-2015	8.2	8.5	7.8	8	120.80K	1.91%
24-11-2015	7.9	8	7.7	7.8	399.50K	-2.50%
25-11-2015	7.9	7.9	7.7	7.8	78.50K	0.00%
27-11-2015	7.85	7.85	7.7	7.75	225.90K	-0.64%
30-11-2015	7.9	7.9	7.65	7.75	511.90K	0.00%
01-12-2015	7.8	7.85	7.65	7.75	1.21M	0.00%
02-12-2015	7.9	7.9	7.65	7.7	629.60K	-0.65%
03-12-2015	7.75	7.8	7.6	7.65	577.70K	-0.65%
04-12-2015	7.75	8	7.65	7.7	651.70K	0.65%
07-12-2015	7.9	7.9	7.8	7.85	226.00K	1.95%
08-12-2015	8	8.1	7.8	7.85	1.20M	0.00%
09-12-2015	7.9	8	7.7	7.8	866.30K	-0.64%
10-12-2015	8	8	7.75	7.8	270.60K	0.00%
11-12-2015	8.05	8.05	7.85	7.9	262.70K	1.28%
14-12-2015	7.9	8	7.9	7.9	408.50K	0.00%
15-12-2015	7.9	7.95	7.7	7.8	712.70K	-1.27%
16-12-2015	8	8	7.65	7.75	855.20K	-0.64%
17-12-2015	7.65	7.65	6.55	7.15	185.80K	-7.74%
18-12-2015	7.05	7.05	6.75	7	164.00K	-2.10%
21-12-2015	6.8	6.95	6.6	6.8	99.10K	-2.86%
22-12-2015	6.5	6.65	6.45	6.5	178.50K	-4.41%
23-12-2015	6.5	6.5	6.05	6.4	1.20M	-1.54%
24-12-2015	6.4	7	6.3	6.5	160.40K	1.56%
28-12-2015	7	7.15	6.5	6.95	139.80K	6.92%
29-12-2015	7.15	7.5	7	7.25	55.40K	4.32%
30-12-2015	7.2	7.2	6.7	6.8	285.50K	-6.21%
31-12-2015	0	7.15	6.75	7.1	117.60K	4.41%
04-01-2016	6.8	7.5	6.55	6.95	555.60K	-2.11%
05-01-2016	7.25	7.25	6.9	6.95	822.60K	0.00%
06-01-2016	7.05	7.25	6.9	6.95	289.30K	0.00%
07-01-2016	7.25	7.25	6.95	7	139.20K	0.72%
08-01-2016	6.85	7	6.6	6.85	163.20K	-2.14%
11-01-2016	7	7	6.7	6.9	111.70K	0.73%
12-01-2016	6.85	6.95	6.8	6.85	25.50K	-0.72%
13-01-2016	6.8	6.95	6.7	6.9	61.20K	0.73%
14-01-2016	6.9	6.95	6.6	6.65	282.30K	-3.62%
15-01-2016	6.6	6.7	6.3	6.55	120.40K	-1.50%
18-01-2016	6.6	6.85	6	6.1	851.80K	-6.87%
19-01-2016	6.1	6.45	5.65	6	382.60K	-1.64%
20-01-2016	5.65	6.3	5.5	5.5	4.63M	-8.33%
21-01-2016	6	6	5.4	5.5	2.46M	0.00%
22-01-2016	5.5	5.75	5.4	5.45	1.86M	-0.91%
25-01-2016	5.75	5.9	5.45	5.5	1.25M	0.92%
26-01-2016	5.8	5.8	5.4	5.4	5.33M	-1.82%
27-01-2016	5.5	5.8	5.4	5.5	690.70K	1.85%
28-01-2016	5.8	6.05	5.65	5.65	5.01M	2.73%
29-01-2016	5.8	6.1	5.8	6	1.60M	6.19%
01-02-2016	6.05	6.1	5.85	5.95	336.20K	-0.83%
02-02-2016	5.95	6.2	5.95	6.05	134.00K	1.68%
03-02-2016	6.2	6.5	6.2	6.35	268.30K	4.96%
04-02-2016	6.5	6.7	6.3	6.45	1.08M	1.57%
05-02-2016	6.5	6.7	6.45	6.6	239.80K	2.33%
08-02-2016	6.8	6.9	6.5	6.75	734.10K	2.27%
09-02-2016	6.7	6.9	6.45	6.55	300.30K	-2.96%
10-02-2016	6.65	6.65	6.4	6.45	473.90K	-1.53%
11-02-2016	6.55	6.55	6.1	6.35	339.10K	-1.55%
12-02-2016	6.4	6.4	6	6.35	65.00K	0.00%
15-02-2016	6.3	6.4	6	6.15	3.07M	-3.15%
16-02-2016	6.35	6.5	6.3	6.4	126.70K	4.07%
17-02-2016	6.5	6.95	6.45	6.55	300.20K	2.34%
18-02-2016	6.5	6.75	6.45	6.45	10.90M	-1.53%
19-02-2016	6.6	6.75	6.5	6.65	182.70K	3.10%
22-02-2016	6.7	6.8	6.5	6.65	201.70K	0.00%
23-02-2016	6.8	6.85	6.7	6.75	104.80K	1.50%
24-02-2016	6.75	7.05	6.65	6.95	277.10K	2.96%
25-02-2016	6.9	7	6.8	6.9	141.00K	-0.72%
26-02-2016	7	7.2	6.75	7	1.89M	1.45%
29-02-2016	7.15	7.2	6.9	7	387.60K	0.00%
01-03-2016	6.9	7.15	6.85	7	494.30K	0.00%
02-03-2016	7	7.5	7	7.25	653.40K	3.57%
03-03-2016	7.4	7.8	7.2	7.4	292.60K	2.07%
04-03-2016	7.5	8.05	7.5	8	5.53M	8.11%
07-03-2016	8.05	8.25	8.05	8.15	257.60K	1.87%
08-03-2016	8.15	8.15	7.7	7.9	1.05M	-3.07%
09-03-2016	8.2	8.2	7.75	7.8	1.63M	-1.27%
10-03-2016	7.85	7.85	7.7	7.75	443.20K	-0.64%
11-03-2016	7.8	8	7.75	7.8	1.19M	0.65%
14-03-2016	7.9	8	7.85	7.9	958.50K	1.28%
15-03-2016	7.9	8	7.85	7.9	195.70K	0.00%
16-03-2016	8	8	7.7	7.8	244.80K	-1.27%
17-03-2016	7.75	7.85	7.5	7.65	284.20K	-1.92%
18-03-2016	7.8	7.85	7.5	7.7	3.10M	0.65%
21-03-2016	7.7	7.8	7.65	7.7	176.80K	0.00%
22-03-2016	7.7	7.75	7.6	7.65	199.70K	-0.65%
23-03-2016	7.7	7.7	7.65	7.65	65.30K	0.00%
24-03-2016	7.7	7.8	7.65	7.7	148.70K	0.65%
29-03-2016	7.8	7.85	7.4	7.6	569.30K	-1.30%
30-03-2016	7.7	7.7	7.4	7.5	105.00K	-1.32%
31-03-2016	7.7	7.7	7.4	7.45	179.60K	-0.67%
01-04-2016	7.6	7.6	7.4	7.55	90.30K	1.34%
04-04-2016	7.6	7.95	7.5	7.85	696.00K	3.97%
05-04-2016	7.95	7.95	7.7	7.9	754.40K	0.64%
06-04-2016	7.9	8	7.9	7.9	62.70K	0.00%
07-04-2016	7.9	8.05	7.9	7.95	188.50K	0.63%
08-04-2016	7.9	8.1	7.9	7.95	52.90K	0.00%
11-04-2016	7.9	8.1	7.9	8	251.70K	0.63%
12-04-2016	8.7	8.7	7.8	7.9	157.20K	-1.25%
13-04-2016	7.9	8	7.8	7.85	114.70K	-0.63%
14-04-2016	7.9	7.9	7.8	7.85	161.60K	0.00%
15-04-2016	7.85	7.9	7.8	7.85	336.20K	0.00%
18-04-2016	8	8	7.7	7.75	256.70K	-1.27%
19-04-2016	7.8	8.3	7.8	8	276.60K	3.23%
20-04-2016	8.3	8.3	8	8.1	320.40K	1.25%
21-04-2016	8	8.65	8	8.25	242.90K	1.85%
22-04-2016	8.65	9	8.5	8.7	240.50K	5.45%
25-04-2016	8.7	8.9	8.2	8.65	125.50K	-0.57%
26-04-2016	8.9	8.9	8.5	8.6	207.60K	-0.58%
27-04-2016	8.55	8.9	8.55	8.65	227.20K	0.58%
28-04-2016	8.6	8.8	8.5	8.55	235.10K	-1.16%
29-04-2016	8.7	8.8	8.1	8.55	435.50K	0.00%
03-05-2016	8.5	8.8	8.15	8.6	596.50K	0.58%
04-05-2016	8.5	8.7	8.05	8.5	880.80K	-1.16%
05-05-2016	8.5	8.5	8.05	8.2	43.10K	-3.53%
06-05-2016	8.1	8.4	8.05	8.1	13.90K	-1.22%
09-05-2016	8.1	8.45	8	8	339.90K	-1.23%
10-05-2016	7.75	7.75	7	7.2	1.10M	-10.00%
11-05-2016	7.4	7.5	7.25	7.35	495.40K	2.08%
12-05-2016	7.5	7.5	7.1	7.25	1.54M	-1.36%
13-05-2016	7.25	7.25	7.1	7.15	229.90K	-1.38%
16-05-2016	7.05	7.1	7	7.05	1.07M	-1.40%
17-05-2016	6.95	6.95	6.55	6.65	36.20K	-5.67%
18-05-2016	7.05	7.05	6.5	6.6	2.03M	-0.75%
19-05-2016	6.8	6.8	6.25	6.55	180.90K	-0.76%
20-05-2016	6.6	6.6	6.35	6.5	110.90K	-0.76%
23-05-2016	6.5	6.5	6.2	6.35	6.43M	-2.31%
24-05-2016	6.5	6.8	6.45	6.5	1.07M	2.36%
25-05-2016	6.55	6.7	6.45	6.5	1.52M	0.00%
26-05-2016	6.5	6.55	6.45	6.5	174.00K	0.00%
27-05-2016	6.5	6.8	6.5	6.55	77.30K	0.77%
30-05-2016	6.7	6.8	6.55	6.7	108.40K	2.29%
31-05-2016	7	7	6.6	6.75	104.90K	0.75%
02-06-2016	6.8	6.95	6.6	6.75	249.20K	0.00%
03-06-2016	6.9	6.95	6.55	6.8	1.13M	0.74%
06-06-2016	6.95	6.95	6.75	6.8	132.20K	0.00%
07-06-2016	6.9	6.95	6.75	6.9	5.97M	1.47%
08-06-2016	6.9	7	6.7	6.8	1.39M	-1.45%
09-06-2016	6.8	6.8	6.6	6.7	2.72M	-1.47%
10-06-2016	6.75	6.75	6.6	6.65	482.40K	-0.75%
13-06-2016	6.7	6.7	6.55	6.65	400.00K	0.00%
14-06-2016	6.7	6.7	6.6	6.6	2.63M	-0.75%
15-06-2016	6.7	6.7	6.55	6.6	231.50K	0.00%
16-06-2016	6.6	6.65	6.55	6.6	127.70K	0.00%
17-06-2016	6.6	6.65	6.5	6.6	6.29M	0.00%
20-06-2016	6.6	6.7	6.6	6.65	100.20K	0.76%
21-06-2016	6.65	6.7	6.6	6.65	135.80K	0.00%
22-06-2016	6.7	6.7	6.6	6.65	102.80K	0.00%
23-06-2016	6.7	6.7	6.6	6.65	4.06M	0.00%
24-06-2016	6.65	6.65	6.55	6.6	70.80K	-0.75%
27-06-2016	6.65	6.7	6.5	6.55	188.50K	-0.76%
28-06-2016	6.6	6.7	6.5	6.55	165.20K	0.00%
29-06-2016	6.55	6.7	6.5	6.55	524.80K	0.00%
30-06-2016	6.65	7	6	6.55	301.10K	0.00%
01-07-2016	6.8	6.95	6.65	6.8	9.10K	3.82%
04-07-2016	6.65	6.8	6.65	6.7	29.30K	-1.47%
05-07-2016	6.8	6.8	6.6	6.65	97.90K	-0.75%
06-07-2016	6.8	6.7	6.6	6.65	193.10K	0.00%
08-07-2016	6.7	6.8	6.55	6.7	144.80K	0.75%
11-07-2016	6.65	6.7	6.6	6.65	532.80K	-0.75%
12-07-2016	6.7	6.7	6.6	6.65	281.20K	0.00%
13-07-2016	6.65	6.8	6.6	6.65	286.70K	0.00%
14-07-2016	6.65	6.8	6.6	6.65	165.70K	0.00%
15-07-2016	6.7	6.8	6.6	6.7	157.60K	0.75%
18-07-2016	6.7	6.8	6.6	6.7	91.60K	0.00%
19-07-2016	6.7	6.9	6.6	6.65	865.60K	-0.75%
20-07-2016	6.65	6.75	6.6	6.65	170.10K	0.00%
21-07-2016	6.7	6.7	6.55	6.6	531.90K	-0.75%
22-07-2016	6.6	6.8	6.55	6.65	222.10K	0.76%
25-07-2016	6.8	6.8	6.6	6.6	1.25M	-0.75%
26-07-2016	6.65	6.65	6.5	6.6	53.10K	0.00%
27-07-2016	6.6	6.65	6.4	6.5	3.90M	-1.52%
28-07-2016	6.5	6.65	6.5	6.5	230.20K	0.00%
29-07-2016	6.6	6.6	6.3	6.5	82.20K	0.00%
01-08-2016	6.65	6.65	6.3	6.4	278.00K	-1.54%
02-08-2016	6.65	6.65	6.4	6.45	154.40K	0.78%
03-08-2016	6.5	6.5	6.3	6.4	167.60K	-0.78%
04-08-2016	6.45	6.6	6.3	6.45	153.10K	0.78%
05-08-2016	6.6	6.6	6.45	6.5	98.40K	0.78%
08-08-2016	6.55	6.6	6.3	6.4	4.89M	-1.54%
09-08-2016	6.55	6.6	6.45	6.5	175.10K	1.56%
10-08-2016	6.5	6.5	6.4	6.45	41.20K	-0.77%
11-08-2016	6.45	6.5	6.3	6.4	155.70K	-0.78%
12-08-2016	6.5	6.5	6.25	6.4	211.80K	0.00%
15-08-2016	6.4	6.4	6.25	6.35	55.70K	-0.78%
16-08-2016	6.35	6.4	6.3	6.35	198.20K	0.00%
17-08-2016	6.3	6.35	6.2	6.25	70.20K	-1.57%
18-08-2016	6.2	6.3	6.2	6.25	219.20K	0.00%
19-08-2016	6.4	6.4	6.2	6.25	49.60K	0.00%
22-08-2016	6.3	6.4	6.25	6.25	126.10K	0.00%
23-08-2016	6.3	6.35	6.25	6.3	931.10K	0.80%
24-08-2016	6.3	6.4	6.1	6.1	3.18M	-3.17%
25-08-2016	6.1	6.4	5.8	6.1	2.07M	0.00%
26-08-2016	6.1	6.2	5.8	6	1.90M	-1.64%
29-08-2016	6	6	5.8	5.8	442.80K	-3.33%
30-08-2016	5.8	6.2	5.7	5.9	284.60K	1.72%
31-08-2016	6	6.2	5.95	6	514.60K	1.69%
01-09-2016	6	6.2	5.95	6	1.76M	0.00%
02-09-2016	6.2	6.2	6	6	1.32M	0.00%
05-09-2016	6	6.5	5.9	6.3	65.90K	5.00%
06-09-2016	6.5	6.5	6.15	6.25	988.70K	-0.79%
07-09-2016	6.15	6.5	6.1	6.3	95.80K	0.80%
08-09-2016	6.35	6.65	6.35	6.55	576.30K	3.97%
09-09-2016	6.65	7.15	6.55	6.6	985.60K	0.76%
13-09-2016	7.1	7.1	6.65	6.65	764.20K	0.76%
14-09-2016	6.8	7.1	6.7	6.75	330.60K	1.50%
15-09-2016	6.75	7.15	6.7	6.85	583.50K	1.48%
16-09-2016	6.85	6.85	6.75	6.75	273.10K	-1.46%
19-09-2016	6.85	6.95	6.7	6.8	513.00K	0.74%
20-09-2016	6.7	6.75	6.4	6.7	350.90K	-1.47%
21-09-2016	6.8	6.8	6.5	6.6	59.70K	-1.49%
22-09-2016	6.6	6.6	6.55	6.55	214.90K	-0.76%
23-09-2016	6.55	6.65	6.55	6.6	116.40K	0.76%
26-09-2016	6.6	6.65	6.5	6.6	2.30M	0.00%
27-09-2016	6.6	6.7	6.5	6.6	293.70K	0.00%
28-09-2016	6.55	6.7	6.4	6.5	43.00K	-1.52%
29-09-2016	6.5	6.65	6.5	6.6	55.20K	1.54%
30-09-2016	6.6	6.65	6.55	6.6	136.10K	0.00%
03-10-2016	6.6	6.75	6.6	6.65	471.40K	0.76%
04-10-2016	6.75	7	6.7	6.75	522.40K	1.50%
05-10-2016	6.75	6.9	6.75	6.85	205.50K	1.48%
06-10-2016	6.9	6.9	6.8	6.8	483.60K	-0.73%
07-10-2016	6.9	6.95	6.8	6.9	288.60K	1.47%
10-10-2016	7	7	6.85	6.9	218.10K	0.00%
11-10-2016	7	7	6.85	6.85	3.62M	-0.72%
12-10-2016	6.85	6.95	6.85	6.85	1.12M	0.00%
13-10-2016	6.9	6.9	6.8	6.85	1.34M	0.00%
14-10-2016	6.85	6.9	6.85	6.85	199.90K	0.00%
17-10-2016	6.85	6.9	6.8	6.85	221.40K	0.00%
18-10-2016	6.85	7	6.85	6.9	197.60K	0.73%
19-10-2016	7	7	6.85	6.9	110.50K	0.00%
21-10-2016	6.5	6.5	5.5	5.95	924.40K	-13.77%
24-10-2016	6.25	6.25	5.9	5.95	521.10K	0.00%
25-10-2016	6	6	5.8	5.85	533.10K	-1.68%
26-10-2016	5.9	6	5.85	5.95	305.60K	1.71%
27-10-2016	5.95	6	5.85	5.9	2.70M	-0.84%
28-10-2016	5.9	5.9	5.8	5.85	1.85M	-0.85%
31-10-2016	5.9	5.9	5.8	5.8	928.50K	-0.85%
01-11-2016	5.85	5.95	5.85	5.85	300.30K	0.86%
02-11-2016	5.85	5.9	5.8	5.8	2.70M	-0.85%
03-11-2016	5.9	5.9	5.8	5.85	72.90K	0.86%
04-11-2016	5.85	5.9	5.75	5.85	2.12M	0.00%
07-11-2016	5.85	5.9	5.75	5.8	680.60K	-0.85%
08-11-2016	5.8	5.85	5.6	5.7	2.21M	-1.72%
09-11-2016	5.65	5.75	5.5	5.6	201.60K	-1.75%
10-11-2016	5.6	5.65	5.5	5.55	476.90K	-0.89%
11-11-2016	5.5	5.6	5.5	5.55	1.96M	0.00%
14-11-2016	5.55	5.75	5.55	5.65	79.40K	1.80%
15-11-2016	5.75	6.2	5.7	5.85	3.25M	3.54%
16-11-2016	6	6.4	6	6.25	2.36M	6.84%
17-11-2016	6.4	6.4	6.1	6.15	291.60K	-1.60%
18-11-2016	6.2	6.25	6.15	6.2	580.60K	0.81%
21-11-2016	6.25	6.3	5.9	6.05	907.20K	-2.42%
22-11-2016	6.1	6.2	5.9	6	347.40K	-0.83%
23-11-2016	6	6	5.85	5.85	3.81M	-2.50%
24-11-2016	6	6.2	6	6.1	168.20K	4.27%
25-11-2016	6.2	6.2	5.95	6.1	137.00K	0.00%
28-11-2016	6.1	6.1	5.95	6.05	171.40K	-0.82%
29-11-2016	5.95	6.1	5.95	6.05	42.10K	0.00%
30-11-2016	6.1	6.1	5.95	6	236.90K	-0.83%
01-12-2016	6.05	6.1	5.95	6	93.70K	0.00%
02-12-2016	6	6	5.9	5.9	57.50K	-1.67%
05-12-2016	5.9	6	5.9	5.9	195.40K	0.00%
06-12-2016	6	6	5.85	5.9	149.40K	0.00%
07-12-2016	5.95	5.95	5.85	5.9	205.30K	0.00%
08-12-2016	5.9	5.9	5.8	5.8	2.47M	-1.69%
09-12-2016	5.85	5.85	5.75	5.8	711.50K	0.00%
13-12-2016	5.8	5.85	5.75	5.8	140.70K	0.00%
14-12-2016	5.8	5.85	5.7	5.75	146.60K	-0.86%
15-12-2016	5.8	5.8	5.6	5.65	154.50K	-1.74%
16-12-2016	5.7	5.75	5.65	5.65	132.40K	0.00%
19-12-2016	5.8	5.8	5.65	5.7	99.50K	0.88%
20-12-2016	5.7	5.85	5.7	5.7	1.24M	0.00%
21-12-2016	5.9	5.9	5.75	5.8	430.60K	1.75%
22-12-2016	6	6	5.8	5.9	1.02M	1.72%
23-12-2016	6	6	5.8	5.9	845.70K	0.00%
28-12-2016	5.9	5.9	5.65	5.75	122.30K	-2.54%
29-12-2016	5.8	6	5.7	5.9	75.70K	2.61%
30-12-2016	5.85	6	5.75	5.8	27.40K	-1.69%
03-01-2017	5.8	5.85	5.7	5.75	82.50K	-0.86%
04-01-2017	5.8	5.8	5.65	5.7	109.70K	-0.87%
05-01-2017	5.8	5.9	5.65	5.75	93.69M	0.88%
06-01-2017	5.8	5.8	5.7	5.75	78.70K	0.00%
09-01-2017	5.8	5.8	5.7	5.7	51.00K	-0.87%
10-01-2017	5.75	5.8	5.7	5.7	61.00K	0.00%
11-01-2017	5.75	5.8	5.7	5.7	219.00K	0.00%
12-01-2017	5.75	5.75	5.65	5.65	386.80K	-0.88%
13-01-2017	5.7	5.7	5.6	5.65	93.20K	0.00%
16-01-2017	5.65	5.7	5.5	5.6	112.10K	-0.88%
17-01-2017	5.55	5.65	5.5	5.55	369.50K	-0.89%
18-01-2017	5.6	5.7	5.4	5.5	375.40K	-0.90%
19-01-2017	5.65	5.65	5.3	5.45	371.10K	-0.91%
20-01-2017	5.5	5.5	5.3	5.4	105.70K	-0.92%
23-01-2017	5.45	5.45	5.05	5.35	1.83M	-0.93%
24-01-2017	5.4	5.4	5	5	2.55M	-6.54%
25-01-2017	5	5.35	4.95	5	3.20M	0.00%
26-01-2017	5	5.4	4.95	4.95	12.63M	-1.00%
27-01-2017	5.4	5.4	5	5.05	71.10K	2.02%
30-01-2017	5.05	5.25	5.05	5.1	55.70K	0.99%
31-01-2017	5.1	5.35	5.1	5.2	278.40K	1.96%
01-02-2017	5.2	5.5	5.2	5.4	469.20K	3.85%
02-02-2017	5.4	5.6	5.35	5.5	41.20K	1.85%
03-02-2017	5.7	5.95	5.5	5.85	4.66M	6.36%
06-02-2017	5.85	5.95	5.7	5.9	1.60M	0.85%
07-02-2017	6	6	5.85	5.9	283.30K	0.00%
08-02-2017	5.9	5.95	5.8	5.9	1.84M	0.00%
09-02-2017	5.9	5.95	5.8	5.85	385.50K	-0.85%
10-02-2017	5.9	5.95	5.9	5.9	702.60K	0.85%
13-02-2017	6	6.2	5.8	6.05	2.41M	2.54%
14-02-2017	6.2	6.6	6.05	6.3	1.11M	4.13%
15-02-2017	6.3	6.6	6.3	6.45	7.21M	2.38%
16-02-2017	6.3	6.6	6.3	6.5	719.90K	0.78%
17-02-2017	6.3	6.6	6.3	6.55	2.21M	0.77%
20-02-2017	6.6	6.6	6.3	6.55	60.40K	0.00%
21-02-2017	6.55	6.6	6.5	6.55	10.16M	0.00%
22-02-2017	6.55	6.6	6.5	6.55	6.31M	0.00%
23-02-2017	6.55	6.6	6.55	6.55	220.10K	0.00%
24-02-2017	6.6	6.6	6.2	6.5	166.70K	-0.76%
27-02-2017	6.5	6.55	6.5	6.5	401.10K	0.00%
28-02-2017	6.55	6.6	6	6.1	197.50K	-6.15%
01-03-2017	6.1	6.5	6.05	6.3	5.92M	3.28%
02-03-2017	6.05	6.5	6	6.25	2.07M	-0.79%
03-03-2017	6.5	6.5	5.9	6.3	3.80M	0.80%
06-03-2017	6.35	6.35	6.05	6.3	3.06M	0.00%
07-03-2017	6.1	6.3	6	6.2	62.10K	-1.59%
08-03-2017	6.3	6.35	6.1	6.25	1.12M	0.81%
09-03-2017	6.2	6.2	6	6	147.00K	-4.00%
10-03-2017	6	6.2	5.75	6	56.10K	0.00%
13-03-2017	5.8	6.6	5.8	6.55	11.45M	9.17%
14-03-2017	6.55	6.6	6.1	6.5	281.50K	-0.76%
15-03-2017	6.6	6.6	6.3	6.5	1.19M	0.00%
16-03-2017	6.4	6.6	6.1	6.55	7.52M	0.77%
17-03-2017	6.4	6.65	6	6.55	3.99M	0.00%
20-03-2017	6.55	6.6	6.5	6.55	808.70K	0.00%
21-03-2017	6.55	6.6	6.5	6.55	3.66M	0.00%
22-03-2017	6.55	6.6	6.55	6.55	442.60K	0.00%
23-03-2017	6.6	6.6	6.35	6.55	160.90K	0.00%
24-03-2017	6.35	6.6	6.35	6.55	782.40K	0.00%
27-03-2017	6.55	6.6	6.25	6.5	161.10K	-0.76%
28-03-2017	6.05	6.6	6.05	6.55	667.20K	0.77%
29-03-2017	6.95	6.95	6.1	6.55	53.00K	0.00%
30-03-2017	6.2	6.6	6.2	6.55	3.16M	0.00%
31-03-2017	6.55	6.6	6.5	6.55	27.40K	0.00%
03-04-2017	6.55	6.55	6.15	6.3	83.70K	-3.82%
04-04-2017	6.55	6.6	6.2	6.4	143.60K	1.59%
05-04-2017	6.55	6.65	6.3	6.55	146.60K	2.34%
06-04-2017	6.6	6.6	6.55	6.55	4.33M	0.00%
07-04-2017	6.6	6.65	6.55	6.55	88.90K	0.00%
10-04-2017	6.6	6.6	6.5	6.55	60.60K	0.00%
11-04-2017	6.55	6.6	6.45	6.5	86.30K	-0.76%
12-04-2017	6.5	6.6	6.5	6.55	117.50K	0.77%
13-04-2017	6.55	6.65	6.55	6.55	2.28M	0.00%
18-04-2017	6.6	6.65	6.35	6.55	539.90K	0.00%
19-04-2017	6.6	6.65	6.2	6.5	236.50K	-0.76%
20-04-2017	6.5	6.8	6.2	6.35	67.00K	-2.31%
21-04-2017	6.3	6.5	6.25	6.3	80.00K	-0.79%
24-04-2017	6.3	6.55	6.3	6.5	311.60K	3.17%
25-04-2017	6.55	6.6	6.35	6.5	26.70K	0.00%
26-04-2017	6.5	6.5	6.35	6.45	39.40K	-0.77%
27-04-2017	6.5	6.5	6.35	6.4	45.50K	-0.78%
28-04-2017	6.35	6.6	6.3	6.45	213.30K	0.78%
02-05-2017	6.5	6.8	6.45	6.5	98.10K	0.78%
03-05-2017	6.6	6.8	6.4	6.6	374.50K	1.54%
04-05-2017	6.6	6.75	6.6	6.65	22.50K	0.76%
05-05-2017	6.65	6.75	6.55	6.6	609.60K	-0.75%
08-05-2017	6.8	6.8	6.6	6.65	72.80K	0.76%
09-05-2017	6.65	6.7	6.6	6.6	84.50K	-0.75%
10-05-2017	6.65	6.7	6.6	6.65	236.70K	0.76%
11-05-2017	6.65	6.7	6.65	6.65	79.80K	0.00%
12-05-2017	6.7	6.7	6.6	6.65	116.00K	0.00%
15-05-2017	6.65	6.8	6.65	6.7	99.40K	0.75%
16-05-2017	6.7	6.85	6.7	6.75	10.10M	0.75%
17-05-2017	6.75	6.8	6.7	6.75	2.41M	0.00%
18-05-2017	6.75	6.9	6.75	6.85	722.40K	1.48%
19-05-2017	7	7.05	7	7	1.07M	2.19%
22-05-2017	7.05	7.1	7	7.05	40.70K	0.71%
23-05-2017	7.1	7.2	7.05	7.1	205.10K	0.71%
24-05-2017	7.05	7.4	7.05	7.15	2.42M	0.70%
25-05-2017	7.5	7.7	7.2	7.35	352.60K	2.80%
26-05-2017	7.5	7.8	7.4	7.4	5.97M	0.68%
29-05-2017	7.8	8	7.6	7.8	101.10K	5.41%
30-05-2017	7.9	8.5	7.8	7.9	2.92M	1.28%
31-05-2017	8	8	7.6	7.8	1.10M	-1.27%
02-06-2017	7.75	8	7.75	7.85	322.50K	0.64%
05-06-2017	7.8	7.95	7.8	7.9	234.10K	0.64%
06-06-2017	7.95	7.95	7.8	7.85	494.20K	-0.63%
07-06-2017	7.9	7.95	7.8	7.9	562.20K	0.64%
08-06-2017	7.95	8.1	7.85	8	2.63M	1.27%
09-06-2017	8.1	8.2	8	8	333.80K	0.00%
12-06-2017	8.8	8.8	8.05	8.25	167.80K	3.13%
13-06-2017	8.5	8.5	8.1	8.45	9.12M	2.42%
14-06-2017	8.5	8.65	8.1	8.5	403.80K	0.59%
15-06-2017	8.3	8.65	8.3	8.5	462.00K	0.00%
16-06-2017	8.55	8.75	8.55	8.6	2.81M	1.18%
19-06-2017	8.75	8.95	8.7	8.8	332.30K	2.33%
20-06-2017	8.95	8.95	8.75	8.85	2.96M	0.57%
21-06-2017	8.85	8.95	8.75	8.85	174.30K	0.00%
22-06-2017	8.8	8.8	8.75	8.75	156.90K	-1.13%
23-06-2017	8.8	8.8	8.6	8.7	424.10K	-0.57%
27-06-2017	8.75	8.75	8.5	8.55	813.40K	-1.72%
28-06-2017	8.6	8.6	8.25	8.4	119.90K	-1.75%
29-06-2017	8.2	8.3	7.6	8	3.31M	-4.76%
30-06-2017	8	8	7.25	7.95	279.90K	-0.63%
03-07-2017	7.8	8.5	7.75	8.15	614.50K	2.52%
04-07-2017	8	8	7.75	7.85	439.60K	-3.68%
05-07-2017	7.9	8	7.85	7.9	130.90K	0.64%
06-07-2017	7.75	8	7.75	7.9	117.20K	0.00%
07-07-2017	7.95	8	7.95	7.95	503.80K	0.63%
10-07-2017	8	8	7.9	7.95	135.90K	0.00%
11-07-2017	7.95	8	7.9	7.9	210.70K	-0.63%
12-07-2017	7.95	8	7.85	7.85	622.10K	-0.63%
13-07-2017	7.95	7.95	7.85	7.85	2.26M	0.00%
14-07-2017	7.85	8	7.85	7.95	6.88M	1.27%
17-07-2017	7.9	8	7.8	7.85	358.00K	-1.26%
18-07-2017	7.9	7.9	7.75	7.8	4.05M	-0.64%
19-07-2017	7.85	7.85	7.75	7.75	764.90K	-0.64%
20-07-2017	7.8	7.8	7.6	7.75	142.50K	0.00%
21-07-2017	7.75	8	7.75	7.8	3.97M	0.65%
24-07-2017	7.8	8	7.8	7.85	76.40K	0.64%
25-07-2017	7.95	8	7.85	7.95	395.10K	1.27%
26-07-2017	7.95	8.15	7.95	8.1	19.10K	1.89%
27-07-2017	8.1	8.15	8	8.1	4.24M	0.00%
28-07-2017	8.15	8.5	8.15	8.15	1.41M	0.62%
31-07-2017	8.5	8.75	8.15	8.45	1.35M	3.68%
01-08-2017	8.2	8.4	8.1	8.15	2.75M	-3.55%
02-08-2017	8.45	8.45	8.05	8.15	4.30M	0.00%
03-08-2017	8.2	8.55	8.2	8.2	6.58M	0.61%
04-08-2017	8.25	8.5	8.25	8.35	102.10K	1.83%
07-08-2017	8.45	8.55	8.45	8.5	119.90K	1.80%
09-08-2017	8.45	8.8	8.45	8.55	456.40K	0.59%
10-08-2017	8.8	8.95	8.8	8.95	352.50K	4.68%
11-08-2017	8.95	9.8	8.95	9.25	7.02M	3.35%
14-08-2017	9.5	10	9.5	9.9	3.33M	7.03%
15-08-2017	10	10	9.4	9.75	760.80K	-1.52%
16-08-2017	9.5	9.6	9	9.2	6.08M	-5.64%
17-08-2017	9.2	9.4	9.15	9.2	702.60K	0.00%
18-08-2017	9.5	9.5	9.2	9.25	841.60K	0.54%
21-08-2017	9.4	9.4	9.2	9.25	801.60K	0.00%
22-08-2017	9.2	9.4	9.2	9.2	15.35M	-0.54%
23-08-2017	9.35	9.4	9.25	9.3	288.50K	1.09%
24-08-2017	9.35	9.6	9.35	9.45	1.96M	1.61%
25-08-2017	9.5	9.95	9.5	9.7	3.21M	2.65%
28-08-2017	9.95	10.2	9.85	9.9	722.50K	2.06%
29-08-2017	10	10	9.7	9.85	1.49M	-0.51%
30-08-2017	9.9	9.9	9.75	9.8	1.93M	-0.51%
31-08-2017	9.8	9.85	9.7	9.7	537.80K	-1.02%
01-09-2017	9.8	9.8	8.75	9.2	789.60K	-5.15%
04-09-2017	9.5	9.65	9	9.05	936.40K	-1.63%
05-09-2017	9.15	9.25	9.05	9.2	507.70K	1.66%
06-09-2017	9.2	9.4	9.15	9.25	172.10K	0.54%
07-09-2017	9.2	9.25	9.15	9.2	399.80K	-0.54%
08-09-2017	9.25	9.3	9.15	9.2	185.70K	0.00%
11-09-2017	9.25	9.7	9.2	9.3	136.30K	1.09%
12-09-2017	9.2	9.65	9.2	9.45	40.00K	1.61%
13-09-2017	9.6	9.6	9.3	9.35	219.00K	-1.06%
14-09-2017	9.45	9.45	9.35	9.4	405.50K	0.53%
15-09-2017	9.35	9.4	9.35	9.35	154.60K	-0.53%
18-09-2017	9.4	9.5	9.3	9.35	429.30K	0.00%
19-09-2017	9.25	9.4	9.25	9.3	1.26M	-0.53%
20-09-2017	9.3	9.3	9.25	9.25	173.70K	-0.54%
21-09-2017	9.3	9.3	9.05	9.2	1.03M	-0.54%
22-09-2017	9.05	9.1	8.8	8.95	171.30K	-2.72%
25-09-2017	9	9	8.9	8.9	198.60K	-0.56%
26-09-2017	8.95	8.95	8.8	8.85	228.00K	-0.56%
27-09-2017	8.85	8.85	8.55	8.7	173.80K	-1.69%
28-09-2017	8.6	8.8	8.5	8.55	696.40K	-1.72%
29-09-2017	8.8	8.85	8.6	8.7	148.90K	1.75%
02-10-2017	8.75	8.8	8.6	8.6	60.90K	-1.15%
03-10-2017	8.75	8.8	8.5	8.55	1.28M	-0.58%
04-10-2017	8.8	8.8	8.5	8.65	61.40K	1.17%
05-10-2017	8.55	8.8	8.55	8.65	69.10K	0.00%
06-10-2017	8.7	8.9	8.7	8.7	154.30K	0.58%
09-10-2017	8.9	9.1	8.9	8.95	155.50K	2.87%
10-10-2017	9.15	9.25	9	9.05	289.00K	1.12%
11-10-2017	9.15	9.15	8.8	8.9	235.60K	-1.66%
12-10-2017	8.7	8.9	8.65	8.75	268.80K	-1.69%
13-10-2017	8.65	8.75	8.65	8.7	402.90K	-0.57%
16-10-2017	8.65	8.85	8.65	8.75	202.60K	0.57%
17-10-2017	8.7	8.8	8.7	8.75	187.80K	0.00%
18-10-2017	8.75	8.75	8.3	8.65	333.00K	-1.14%
19-10-2017	8.5	8.5	8	8.05	350.20K	-6.94%
23-10-2017	8.6	8.6	7.9	8.25	339.50K	2.48%
24-10-2017	8.25	8.5	8.2	8.35	137.20K	1.21%
27-10-2017	8.4	8.75	8.35	8.7	258.30K	4.19%
30-10-2017	8.95	8.95	8.65	8.7	303.90K	0.00%
31-10-2017	8.7	8.9	8.7	8.75	1.16M	0.57%
01-11-2017	8.75	9	8.75	8.9	1.15M	1.71%
02-11-2017	8.8	9.25	8.8	8.95	4.09M	0.56%
03-11-2017	9.2	9.2	8.8	9	635.20K	0.56%
06-11-2017	9.1	9.2	8.9	8.95	348.70K	-0.56%
07-11-2017	8.95	9	8.9	8.9	139.50K	-0.56%
08-11-2017	8.8	9	8.5	8.7	478.00K	-2.25%
09-11-2017	8.9	8.9	8.2	8.45	112.10K	-2.87%
10-11-2017	8.4	8.5	8.25	8.45	2.37M	0.00%
13-11-2017	8.5	8.5	8.3	8.4	69.50K	-0.59%
14-11-2017	8.5	8.5	8.3	8.4	79.20K	0.00%
15-11-2017	8.4	8.45	8.3	8.35	391.80K	-0.60%
16-11-2017	8.4	8.7	8.4	8.55	628.60K	2.40%
17-11-2017	8.6	8.9	8.55	8.6	86.50K	0.58%
20-11-2017	8.65	9.1	8.65	8.75	243.90K	1.74%
21-11-2017	9	9.05	8.7	8.85	234.50K	1.14%
22-11-2017	8.9	9.05	8.8	8.9	453.30K	0.56%
23-11-2017	9.1	9.15	8.95	9.05	253.70K	1.69%
24-11-2017	9.1	9.1	9	9.05	170.20K	0.00%
27-11-2017	9	9.15	9	9.05	665.50K	0.00%
29-11-2017	9	9.05	8.9	8.9	183.70K	-1.66%
30-11-2017	9	9	8.7	8.8	441.80K	-1.12%
01-12-2017	8.9	8.95	8.65	8.8	170.80K	0.00%
04-12-2017	8.8	8.95	8.65	8.8	157.70K	0.00%
05-12-2017	8.65	8.8	8.65	8.7	531.30K	-1.14%
06-12-2017	8.8	8.9	8.4	8.5	9.15M	-2.30%
07-12-2017	8.7	8.7	8.45	8.55	53.00K	0.59%
08-12-2017	8.5	8.7	8.45	8.5	76.00K	-0.58%
11-12-2017	8.6	8.7	8.5	8.55	39.20K	0.59%
13-12-2017	8.7	8.7	8.5	8.6	135.90K	0.58%
14-12-2017	8.7	8.9	8.6	8.65	664.80K	0.58%
15-12-2017	8.9	8.9	8.7	8.75	4.54M	1.16%
18-12-2017	8.7	8.85	8.65	8.65	161.80K	-1.14%
19-12-2017	8.6	8.7	8.55	8.65	103.70K	0.00%
20-12-2017	8.6	8.8	8.55	8.6	399.20K	-0.58%
21-12-2017	8.55	8.7	8.55	8.6	239.40K	0.00%
22-12-2017	8.65	8.8	8.6	8.7	981.70K	1.16%
27-12-2017	8.8	8.8	8.6	8.65	41.30K	-0.57%
28-12-2017	8.6	8.65	8.55	8.6	34.10K	-0.58%
29-12-2017	8.65	8.65	8.5	8.55	98.60K	-0.58%
02-01-2018	8.6	8.65	8.55	8.6	105.90K	0.58%
03-01-2018	8.55	8.6	8.4	8.45	85.20K	-1.74%
04-01-2018	8.5	8.5	8	8.2	107.60K	-2.96%
05-01-2018	8.4	8.4	8.1	8.15	158.80K	-0.61%
08-01-2018	8.4	8.5	8.15	8.2	950.80K	0.61%
09-01-2018	8.4	8.5	8.3	8.4	11.02M	2.44%
10-01-2018	8.3	8.5	8.3	8.4	172.00K	0.00%
11-01-2018	8.4	8.5	8.35	8.4	154.00K	0.00%
12-01-2018	8.4	8.4	8.3	8.35	400.50K	-0.60%
15-01-2018	8.4	8.4	8.2	8.3	302.50K	-0.60%
16-01-2018	8.3	8.35	8.25	8.25	108.70K	-0.60%
17-01-2018	8.3	8.35	8.2	8.25	1.05M	0.00%
18-01-2018	8.25	8.3	8.2	8.2	209.70K	-0.61%
19-01-2018	8.3	8.3	8.15	8.2	403.20K	0.00%
22-01-2018	8.25	8.25	8.1	8.15	94.50K	-0.61%
23-01-2018	8.1	8.2	8.05	8.1	219.50K	-0.61%
24-01-2018	8.15	8.3	8	8.05	300.70K	-0.62%
25-01-2018	8.1	8.2	8	8.05	774.00K	0.00%
26-01-2018	8.25	8.45	8.1	8.4	3.54M	4.35%
29-01-2018	8.2	8.45	8.1	8.25	51.40K	-1.79%
30-01-2018	8.25	8.4	8.15	8.25	54.00K	0.00%
31-01-2018	8.2	8.65	8.2	8.4	168.80K	1.82%
01-02-2018	8.3	8.6	8.3	8.45	531.00K	0.60%
02-02-2018	8.45	8.5	8.3	8.35	128.40K	-1.18%
05-02-2018	8.35	8.45	8.35	8.35	199.50K	0.00%
06-02-2018	8.35	8.45	8.3	8.35	103.20K	0.00%
07-02-2018	8.45	8.45	8.05	8.1	497.80K	-2.99%
08-02-2018	8.3	8.5	8.3	8.4	2.39M	3.70%
09-02-2018	8.5	8.5	8.3	8.3	269.50K	-1.19%
12-02-2018	8.4	8.5	8.35	8.4	4.33M	1.20%
13-02-2018	8.45	8.5	8.4	8.4	112.40K	0.00%
14-02-2018	8.45	8.45	8.3	8.4	153.20K	0.00%
15-02-2018	8.5	8.5	8.2	8.3	109.60K	-1.19%
16-02-2018	8.2	8.35	8.2	8.2	309.20K	-1.20%
19-02-2018	8.5	8.5	8.2	8.2	96.90K	0.00%
20-02-2018	8.5	8.5	8.2	8.35	670.80K	1.83%
21-02-2018	8.4	8.6	8.4	8.45	78.90K	1.20%
22-02-2018	8.5	8.6	8.5	8.55	432.30K	1.18%
23-02-2018	8.5	8.7	8.5	8.6	185.70K	0.58%
26-02-2018	8.75	9.15	8.5	8.95	8.57M	4.07%
27-02-2018	9	9.1	8.7	8.95	3.98M	0.00%
28-02-2018	9	9	8.8	8.95	153.60K	0.00%
01-03-2018	8.9	9	8.8	8.85	46.40K	-1.12%
02-03-2018	8.9	8.9	8.5	8.5	515.40K	-3.95%
05-03-2018	8.6	8.7	8.4	8.5	259.20K	0.00%
06-03-2018	8.5	8.8	8.4	8.45	161.90K	-0.59%
07-03-2018	8.5	8.6	8.5	8.55	755.40K	1.18%
08-03-2018	8.6	8.8	8.6	8.6	241.30K	0.58%
09-03-2018	8.6	8.8	8.6	8.65	243.20K	0.58%
12-03-2018	8.65	8.85	8.6	8.7	262.80K	0.58%
13-03-2018	8.7	9	8.7	8.85	518.90K	1.72%
14-03-2018	8.8	8.95	8.8	8.85	249.80K	0.00%
15-03-2018	9.2	9.2	8.85	9	4.59M	1.69%
16-03-2018	9.2	9.2	8.9	9	106.10K	0.00%
19-03-2018	9	9.1	8.9	9	743.80K	0.00%
20-03-2018	9.1	9.15	9	9.1	770.10K	1.11%
21-03-2018	9.1	9.25	9	9.1	225.70K	0.00%
22-03-2018	9.2	9.2	9	9.1	250.40K	0.00%
23-03-2018	9.15	9.2	8.95	9	1.56M	-1.10%
26-03-2018	9.05	9.1	8.95	9	3.96M	0.00%
27-03-2018	8.95	9.1	8.95	9	194.80K	0.00%
28-03-2018	9	9.2	9	9.05	242.50K	0.56%
29-03-2018	9.05	9.2	9	9.05	167.40K	0.00%
03-04-2018	9	9	8.8	8.9	151.40K	-1.66%
04-04-2018	8.8	9.05	8.2	8.65	153.00K	-2.81%
05-04-2018	8.6	8.8	8.6	8.7	86.20K	0.58%
06-04-2018	8.7	8.7	8.55	8.65	385.70K	-0.57%
09-04-2018	8.55	8.7	8.55	8.6	351.50K	-0.58%
10-04-2018	8.6	8.7	8.55	8.6	98.40K	0.00%
11-04-2018	8.6	9	8.6	8.75	97.40K	1.74%
12-04-2018	8.95	9	8.7	8.75	1.17M	0.00%
13-04-2018	9	9	8.7	8.75	251.50K	0.00%
16-04-2018	8.8	8.8	8.65	8.7	160.80K	-0.57%
17-04-2018	8.65	8.8	8.6	8.65	153.20K	-0.57%
18-04-2018	9	9	8.3	8.5	137.90K	-1.73%
19-04-2018	8.55	8.6	8.4	8.5	189.60K	0.00%
20-04-2018	8.4	8.6	8.4	8.4	113.50K	-1.18%
23-04-2018	8.45	8.6	8.35	8.4	164.00K	0.00%
24-04-2018	8.4	8.4	8	8.3	108.80K	-1.19%
25-04-2018	8	8.3	8	8.1	210.50K	-2.41%
26-04-2018	8.35	8.5	8.2	8.35	36.50K	3.09%
27-04-2018	8.35	8.9	8.3	8.6	4.03M	2.99%
30-04-2018	8.4	8.8	8.35	8.4	1.28M	-2.33%
02-05-2018	8.35	8.6	8.35	8.4	3.41M	0.00%
03-05-2018	8.4	8.5	8.1	8.35	296.70K	-0.60%
04-05-2018	8.5	8.5	8.1	8.15	105.20K	-2.40%
07-05-2018	8.15	8.3	8.1	8.2	845.50K	0.61%
08-05-2018	8.2	8.3	8.05	8.15	347.80K	-0.61%
09-05-2018	8.1	8.3	8	8.1	621.60K	-0.61%
10-05-2018	8.15	8.15	7.9	8.05	732.80K	-0.62%
11-05-2018	8	8.1	7.8	7.95	169.90K	-1.24%
14-05-2018	8.1	8.1	7.95	8	174.80K	0.63%
15-05-2018	8.1	8.1	7.65	7.85	267.90K	-1.88%
16-05-2018	7.5	7.85	7.5	7.6	305.30K	-3.18%
17-05-2018	7.85	7.85	7.5	7.7	111.20K	1.32%
18-05-2018	7.65	7.85	7.65	7.75	40.60K	0.65%
21-05-2018	7.95	8	7.7	7.75	145.90K	0.00%
22-05-2018	7.9	8	7.85	7.9	251.10K	1.94%
23-05-2018	8	8	7.9	7.95	410.00K	0.63%
24-05-2018	7.85	8	7.85	7.9	470.30K	-0.63%
25-05-2018	8	8	7.9	7.9	159.20K	0.00%
28-05-2018	7.9	7.95	7.5	7.85	1.06M	-0.63%
29-05-2018	7.9	7.9	7.5	7.7	94.20K	-1.91%
30-05-2018	7.5	7.5	7.3	7.5	2.31M	-2.60%
31-05-2018	7.3	7.5	7	7.25	151.50K	-3.33%
04-06-2018	7.2	7.2	6.55	6.75	341.20K	-6.90%
05-06-2018	7	7	6.6	6.6	366.00K	-2.22%
06-06-2018	7	7.25	6.8	7.05	175.50K	6.82%
07-06-2018	7.7	7.75	7.7	7.75	141.70K	9.93%
08-06-2018	7.9	7.95	7.3	7.7	160.00K	-0.65%
11-06-2018	7.5	7.5	7.25	7.4	26.70K	-3.90%
12-06-2018	7.5	7.5	7.1	7.2	819.90K	-2.70%
13-06-2018	7.4	7.4	7.1	7.2	314.10K	0.00%
14-06-2018	7.2	7.3	7.1	7.15	166.40K	-0.69%
18-06-2018	7.2	7.2	7.1	7.15	149.00K	0.00%
19-06-2018	7.2	7.2	7.15	7.2	396.90K	0.70%
20-06-2018	7.15	7.2	7.1	7.15	137.60K	-0.69%
21-06-2018	7.2	7.2	7.05	7.15	1.24M	0.00%
22-06-2018	7.2	7.2	6.8	7.05	818.60K	-1.40%
25-06-2018	7.1	7.1	6.65	7	237.80K	-0.71%
26-06-2018	7	7	6.8	6.9	674.40K	-1.43%
27-06-2018	7	7.05	6.9	7	887.30K	1.45%
28-06-2018	7	7.1	6.9	7	1.54M	0.00%
29-06-2018	7	7.15	6.9	7	449.80K	0.00%
02-07-2018	7	7.15	7	7	311.60K	0.00%
03-07-2018	7	7.15	7	7	151.00K	0.00%
04-07-2018	7.1	7.1	6.9	6.95	159.20K	-0.71%
05-07-2018	6.95	7	6.9	6.9	196.80K	-0.72%
06-07-2018	6.9	7.15	6.9	7	90.80K	1.45%
09-07-2018	7	7.3	6.9	7.05	107.80K	0.71%
10-07-2018	7	7	6.95	6.95	63.30K	-1.42%
11-07-2018	6.9	7.5	6.9	6.95	417.50K	0.00%
12-07-2018	7	7	6.95	6.95	63.20K	0.00%
13-07-2018	6.9	7	6.9	6.95	81.90K	0.00%
16-07-2018	7.5	7.5	6.95	6.95	84.60K	0.00%
17-07-2018	6.95	7	6.9	6.9	130.50K	-0.72%
18-07-2018	6.95	7	6.9	6.95	590.90K	0.72%
19-07-2018	6.95	7	6.9	6.9	78.10K	-0.72%
20-07-2018	7	7	6.9	6.9	269.50K	0.00%
23-07-2018	7	7.1	6.9	6.9	87.30K	0.00%
24-07-2018	6.9	6.9	6.55	6.7	375.30K	-2.90%
25-07-2018	6.6	6.7	6.55	6.55	608.40K	-2.24%
26-07-2018	6.6	6.7	6.4	6.55	622.30K	0.00%
27-07-2018	6.6	6.7	6.55	6.55	93.40K	0.00%
30-07-2018	6.55	6.6	6.45	6.5	201.60K	-0.76%
31-07-2018	6.6	6.7	6.45	6.5	91.10K	0.00%
01-08-2018	6.5	6.6	6.4	6.45	693.50K	-0.77%
02-08-2018	6.4	6.45	6.3	6.35	482.30K	-1.55%
03-08-2018	6.4	6.4	6.1	6.1	2.54M	-3.94%
06-08-2018	6.35	6.35	6.1	6.1	1.44M	0.00%
07-08-2018	6.3	6.4	6.2	6.2	958.20K	1.64%
08-08-2018	6.3	6.8	6.2	6.6	144.90K	6.45%
09-08-2018	6.6	6.75	6.5	6.6	300.90K	0.00%
10-08-2018	6.6	6.6	6.5	6.55	181.80K	-0.76%
13-08-2018	6.6	6.6	6.5	6.5	61.90K	-0.76%
14-08-2018	6.5	6.6	6.35	6.4	433.70K	-1.54%
15-08-2018	6.6	6.6	6.4	6.45	199.90K	0.78%
16-08-2018	6.4	6.5	6.4	6.45	110.00K	0.00%
17-08-2018	6.45	6.75	6.45	6.5	583.10K	0.78%
20-08-2018	6.6	6.75	6.5	6.6	230.70K	1.54%
22-08-2018	6.65	6.65	6.5	6.55	74.50K	-0.76%
23-08-2018	6.65	6.75	6.55	6.55	950.10K	0.00%
24-08-2018	6.55	6.8	6.55	6.55	69.30K	0.00%
27-08-2018	6.6	6.75	6.5	6.55	147.70K	0.00%
28-08-2018	6.55	6.7	6.45	6.55	141.80K	0.00%
29-08-2018	6.55	6.8	6.45	6.6	373.70K	0.76%
30-08-2018	6.6	6.85	6.6	6.6	106.30K	0.00%
31-08-2018	6.55	6.7	6.55	6.6	151.60K	0.00%
03-09-2018	6.5	6.7	6.5	6.6	24.00K	0.00%
04-09-2018	6.6	6.7	6.55	6.55	211.70K	-0.76%
05-09-2018	6.6	6.7	6.5	6.55	1.08M	0.00%
06-09-2018	6.4	6.6	6.4	6.45	286.70K	-1.53%
07-09-2018	6.5	6.5	6.3	6.4	84.00K	-0.78%
10-09-2018	6.4	6.45	6.25	6.4	55.80K	0.00%
11-09-2018	6.4	6.5	6.25	6.3	178.90K	-1.56%
12-09-2018	6.3	6.4	6	6.1	121.00K	-3.17%
13-09-2018	6.05	6.15	5.9	6.05	204.00K	-0.82%
14-09-2018	6.05	6.5	6.05	6.4	108.00K	5.79%
17-09-2018	6.5	6.55	6.3	6.4	302.20K	0.00%
18-09-2018	6.4	6.5	6.2	6.35	259.20K	-0.78%
19-09-2018	6.35	6.6	6.35	6.45	70.70K	1.57%
20-09-2018	6.35	6.65	6.35	6.45	182.50K	0.00%
21-09-2018	6.45	6.7	6.4	6.5	1.99M	0.78%
24-09-2018	6.5	6.7	6.5	6.55	172.90K	0.77%
25-09-2018	6.65	6.7	6.5	6.65	727.30K	1.53%
26-09-2018	6.95	6.95	6.5	6.6	33.50K	-0.75%
27-09-2018	6.75	6.8	6.65	6.7	56.20K	1.52%
28-09-2018	6.7	6.8	6.7	6.7	2.08M	0.00%
01-10-2018	6.7	6.9	6.65	6.75	29.00K	0.75%
02-10-2018	6.7	6.8	6.7	6.7	2.21M	-0.74%
03-10-2018	6.7	6.8	6.7	6.7	1.64M	0.00%
04-10-2018	6.7	7	6.7	6.75	50.50K	0.75%
05-10-2018	7	7	6.75	6.8	409.60K	0.74%
08-10-2018	6.95	6.95	6.75	6.8	359.30K	0.00%
09-10-2018	6.75	7	6.75	6.8	214.40K	0.00%
11-10-2018	6.85	6.9	6.8	6.85	203.80K	0.74%
12-10-2018	6.9	7	6.85	6.9	471.70K	0.73%
15-10-2018	7	7	6.9	6.95	276.60K	0.72%
16-10-2018	6.95	7.1	6.9	6.95	421.30K	0.00%
17-10-2018	6.95	7.05	6.9	6.95	217.50K	0.00%
18-10-2018	7.05	7.1	7	7.05	354.70K	1.44%
19-10-2018	7.05	7.15	7.05	7.1	4.85M	0.71%
22-10-2018	7.1	7.1	7	7.1	639.60K	0.00%
23-10-2018	7.2	7.2	7.05	7.15	507.70K	0.70%
24-10-2018	7.2	7.3	7.2	7.2	473.50K	0.70%
25-10-2018	7.2	7.5	7.2	7.35	151.10K	2.08%
26-10-2018	7.5	7.5	7.25	7.45	95.90K	1.36%
29-10-2018	7.5	7.5	7.2	7.25	2.06M	-2.68%
30-10-2018	7.35	7.4	7	7.2	100.50K	-0.69%
31-10-2018	7.25	7.4	6.95	7.1	428.80K	-1.39%
01-11-2018	7.2	7.4	7	7.1	179.20K	0.00%
02-11-2018	7.1	7.3	7.1	7.1	32.30K	0.00%
05-11-2018	7.4	7.45	7.05	7.15	57.70K	0.70%
06-11-2018	7.4	7.4	7.15	7.2	353.20K	0.70%
07-11-2018	7.3	7.3	7.15	7.15	110.00K	-0.69%
08-11-2018	7.2	7.2	7.15	7.15	59.50K	0.00%
09-11-2018	7.15	7.3	7.15	7.2	119.70K	0.70%
12-11-2018	7.15	7.35	7.15	7.25	95.40K	0.69%
13-11-2018	7.4	7.4	7.15	7.2	677.30K	-0.69%
14-11-2018	7.2	7.4	7.15	7.2	379.90K	0.00%
15-11-2018	7.25	7.25	7.2	7.2	42.10K	0.00%
16-11-2018	7.2	7.25	7.15	7.15	217.60K	-0.69%
19-11-2018	7.1	7.25	7.1	7.1	71.40K	-0.70%
20-11-2018	7.2	7.25	7.1	7.1	82.60K	0.00%
21-11-2018	7.1	7.2	7.05	7.05	94.40K	-0.70%
22-11-2018	7.05	7.1	7.05	7.05	62.00K	0.00%
23-11-2018	7.1	7.1	7	7	659.00K	-0.71%
26-11-2018	7.1	7.1	6.8	7	189.30K	0.00%
27-11-2018	7	7	6.6	6.85	271.90K	-2.14%
28-11-2018	7	7.2	6.8	7	368.60K	2.19%
29-11-2018	7.2	7.2	7	7.12	35.90K	1.71%
30-11-2018	7.1	7.2	7	7.04	47.30K	-1.12%
03-12-2018	7.1	7.2	7	7.1	359.30K	0.85%
04-12-2018	7	7.4	7	7.15	128.30K	0.70%
05-12-2018	7.1	7.2	7	7	292.40K	-2.10%
06-12-2018	7	7.2	7	7.1	157.00K	1.43%
07-12-2018	7.2	7.2	6.9	6.98	168.70K	-1.69%
10-12-2018	6.98	7.1	6.98	7	283.80K	0.29%
11-12-2018	7	7.1	6.8	7	130.10K	0.00%
13-12-2018	7.5	7.5	6.8	7.05	1.13M	0.71%
14-12-2018	7.2	7.2	7	7.05	526.60K	0.00%
17-12-2018	7	7.06	7	7	109.50K	-0.71%
18-12-2018	7.02	7.4	7	7.2	594.80K	2.86%
19-12-2018	7.2	7.4	7	7	224.80K	-2.78%
20-12-2018	7.2	7.46	7	7.05	44.20K	0.71%
21-12-2018	7.08	7.5	7	7	72.90K	-0.71%
24-12-2018	7.5	7.5	7.06	7.1	1.17M	1.43%
27-12-2018	7.12	7.12	7	7	13.70K	-1.41%
28-12-2018	7	7.12	7	7.05	31.50K	0.71%
31-12-2018	7.2	7.2	7	7	172.90K	-0.71%
02-01-2019	7.2	7.2	7	7.1	2.16M	1.43%
03-01-2019	7	7.16	6.8	7	1.05M	-1.41%
04-01-2019	7	7.1	7	7	135.40K	0.00%
07-01-2019	7	7.1	6.9	6.95	148.10K	-0.71%
08-01-2019	6.96	7	6.8	7	58.00K	0.72%
09-01-2019	6.96	7.2	6.5	7	169.80K	0.00%
10-01-2019	7	7.1	7	7	127.60K	0.00%
11-01-2019	7.2	7.2	6.96	7	423.20K	0.00%
14-01-2019	7	7.1	7	7.04	45.70K	0.57%
15-01-2019	7.1	7.1	7	7.04	158.30K	0.00%
16-01-2019	7	7.1	6.98	7	1.77M	-0.57%
17-01-2019	7.4	7.4	6.9	7	2.17M	0.00%
18-01-2019	7	7	6.3	6.48	272.10K	-7.43%
21-01-2019	6.7	6.9	6.5	6.56	127.80K	1.23%
22-01-2019	6.8	6.9	6.6	6.84	27.20K	4.27%
23-01-2019	6.9	7	6.6	6.74	111.00K	-1.46%
24-01-2019	6.6	7	6.6	6.76	130.00K	0.30%
25-01-2019	6.8	7	6.6	6.8	140.10K	0.59%
28-01-2019	6.8	7	6.76	6.88	73.30K	1.18%
29-01-2019	6.96	7	6.8	6.9	114.60K	0.29%
30-01-2019	6.9	7	6.9	6.98	2.33M	1.16%
31-01-2019	6.9	7	6.8	6.88	157.60K	-1.43%
01-02-2019	6.94	7	6.52	6.78	51.70K	-1.45%
04-02-2019	6.54	6.98	6.54	6.8	45.90K	0.29%
05-02-2019	6.8	6.98	6.8	6.84	139.70K	0.59%
06-02-2019	6.82	6.9	6.8	6.86	95.30K	0.29%
07-02-2019	6.84	6.98	6.8	6.86	472.20K	0.00%
08-02-2019	6.86	6.9	6.8	6.82	278.60K	-0.58%
11-02-2019	6.9	6.9	6.8	6.82	58.20K	0.00%
12-02-2019	6.8	6.9	6.56	6.76	60.50K	-0.88%
13-02-2019	6.98	6.98	6.54	6.74	55.80K	-0.30%
14-02-2019	6.82	6.82	6.5	6.64	172.90K	-1.48%
15-02-2019	6.5	6.82	6.5	6.5	599.60K	-2.11%
18-02-2019	6.82	6.82	6.5	6.54	82.70K	0.62%
19-02-2019	6.6	6.6	6.3	6.4	84.30K	-2.14%
20-02-2019	6.4	6.8	6.3	6.58	147.20K	2.81%
21-02-2019	6.4	6.58	6.3	6.48	306.50K	-1.52%
22-02-2019	6.4	6.42	6.04	6.26	71.60K	-3.40%
25-02-2019	6.3	6.48	6.26	6.28	552.50K	0.32%
26-02-2019	6.3	6.82	6.3	6.44	132.60K	2.55%
27-02-2019	6.6	6.8	6.5	6.62	88.60K	2.80%
28-02-2019	6.8	6.8	6.5	6.54	146.80K	-1.21%
01-03-2019	6.5	6.8	6.5	6.58	71.70K	0.61%
04-03-2019	6.5	6.6	6.28	6.4	604.20K	-2.74%
05-03-2019	6.4	6.4	6.24	6.3	124.70K	-1.56%
06-03-2019	6.3	6.4	6.1	6.2	85.40K	-1.59%
07-03-2019	6.22	6.22	6	6	196.00K	-3.23%
08-03-2019	6.08	6.2	6	6.1	50.20K	1.67%
11-03-2019	6.1	6.2	6	6.02	34.90K	-1.31%
12-03-2019	6.14	6.14	5.54	5.84	74.80K	-2.99%
13-03-2019	6	6	5.62	5.88	183.50K	0.68%
14-03-2019	6	6	5.6	5.96	32.90K	1.36%
15-03-2019	5.96	6	5.7	5.98	126.50K	0.34%
18-03-2019	5.96	5.98	5.8	5.86	67.30K	-2.01%
19-03-2019	5.8	5.86	5.6	5.66	225.00K	-3.41%
20-03-2019	5.7	5.8	5.5	5.6	2.91M	-1.06%
21-03-2019	5.66	5.8	5.5	5.52	1.33M	-1.43%
22-03-2019	5.9	6	5.52	5.6	532.00K	1.45%
25-03-2019	5.8	5.98	5.46	5.56	358.50K	-0.71%
26-03-2019	5.6	5.6	5.46	5.5	407.70K	-1.08%
27-03-2019	5.5	5.6	5.48	5.54	54.00K	0.73%
28-03-2019	5.5	5.78	5.5	5.62	107.60K	1.44%
29-03-2019	5.78	5.8	5.54	5.64	67.90K	0.36%
01-04-2019	5.8	5.8	5.5	5.56	60.00K	-1.42%
02-04-2019	5.7	5.8	5.56	5.64	137.30K	1.44%
03-04-2019	5.8	5.8	5.6	5.68	373.50K	0.71%
04-04-2019	5.66	5.8	5.64	5.78	406.00K	1.76%
05-04-2019	5.72	5.96	5.7	5.7	45.20K	-1.38%
08-04-2019	5.7	5.98	5.7	5.72	7.95M	0.35%
09-04-2019	5.86	6	5.8	5.84	50.50K	2.10%
10-04-2019	5.88	5.9	5.8	5.84	223.70K	0.00%
11-04-2019	6	6	5.86	5.9	105.70K	1.03%
12-04-2019	5.84	6.4	5.84	5.94	86.10K	0.68%
15-04-2019	6	6.38	6	6	82.70K	1.01%
16-04-2019	6	6.3	6	6.02	50.30K	0.33%
17-04-2019	6	6.1	5.92	6	78.40K	-0.33%
18-04-2019	6	6.02	6	6	27.80K	0.00%
23-04-2019	6	6.2	6	6.06	49.20K	1.00%
24-04-2019	6	6.2	6	6.12	19.40K	0.99%
25-04-2019	6.1	6.12	6.1	6.1	210.10K	-0.33%
26-04-2019	6.1	6.2	6	6	193.00K	-1.64%
29-04-2019	6.02	6.22	6.02	6.12	283.00K	2.00%
30-04-2019	6.2	6.26	6.02	6.1	421.30K	-0.33%
02-05-2019	6.2	6.2	6.1	6.16	116.90K	0.98%
03-05-2019	6.4	6.4	6.1	6.24	1.05M	1.30%
06-05-2019	6.16	6.3	6.16	6.22	442.60K	-0.32%
07-05-2019	6.24	6.4	6.16	6.24	1.35M	0.32%
08-05-2019	6.2	6.26	6.16	6.22	278.10K	-0.32%
09-05-2019	6.4	6.4	6.22	6.32	70.90K	1.61%
10-05-2019	6.2	6.22	6.12	6.16	9.80K	-2.53%
13-05-2019	6.2	6.4	6.14	6.14	40.70K	-0.32%
14-05-2019	6.2	6.22	6.14	6.16	121.40K	0.33%
15-05-2019	6.1	6.16	6.02	6.12	461.10K	-0.65%
16-05-2019	6.1	6.12	6.02	6.02	88.70K	-1.63%
17-05-2019	6	6.04	5.9	6	849.70K	-0.33%
20-05-2019	6	6	5.84	5.9	70.90K	-1.67%
21-05-2019	5.9	6.1	5.9	6	266.30K	1.69%
22-05-2019	6.1	6.1	5.9	6.02	38.40K	0.33%
23-05-2019	6.1	6.14	5.92	6.06	9.57M	0.66%
24-05-2019	6	6.02	5.9	6	103.20K	-0.99%
27-05-2019	5.9	6	5.82	5.9	46.30K	-1.67%
28-05-2019	6	6.14	5.9	5.94	42.40K	0.68%
29-05-2019	5.9	6.1	5.9	6	95.80K	1.01%
30-05-2019	5.94	6	5.94	5.96	15.90K	-0.67%
31-05-2019	5.98	6	5.86	5.96	4.97M	0.00%
03-06-2019	6	6	5.88	5.96	502.00K	0.00%
04-06-2019	6.14	6.22	6	6.02	82.10K	1.01%
06-06-2019	6.1	6.3	5.94	5.98	301.00K	-0.66%
07-06-2019	6	6.28	5.94	5.98	3.58M	0.00%
10-06-2019	5.94	6.02	5.88	5.92	22.60K	-1.00%
11-06-2019	6	6	5.9	5.98	759.60K	1.01%
12-06-2019	5.92	6.3	5.92	6	1.14M	0.33%
13-06-2019	6	6.3	5.98	6	192.60K	0.00%
14-06-2019	6.1	6.2	6	6.16	32.90K	2.67%
