"Date","Price","Open","High","Low","Vol.","Change %"
"Aug 22, 2012","111.00","111.00","112.00","111.00","6.00K","0.00%"
"Aug 24, 2012","110.00","115.00","115.00","110.00","102.90K","-0.90%"
"Aug 27, 2012","101.00","110.00","109.00","100.00","0.60K","-8.18%"
"Aug 28, 2012","106.00","101.00","108.00","105.00","0.30K","4.95%"
"Aug 29, 2012","101.00","106.00","108.00","101.00","40.50K","-4.72%"
"Aug 30, 2012","102.00","101.00","108.00","101.00","0.50K","0.99%"
"Aug 31, 2012","102.00","102.00","102.00","102.00","0.10K","0.00%"
"Sep 03, 2012","101.00","102.00","103.00","100.00","3.20K","-0.98%"
"Sep 05, 2012","101.00","115.00","101.00","101.00","0.50K","0.00%"
"Sep 07, 2012","101.00","115.00","101.00","101.00","0.10K","0.00%"
"Sep 10, 2012","102.00","101.00","102.00","102.00","3.90K","0.99%"
"Sep 11, 2012","102.00","102.00","102.00","102.00","4.00K","0.00%"
"Sep 12, 2012","102.00","102.00","102.00","102.00","1.70K","0.00%"
"Sep 13, 2012","106.00","102.00","110.00","102.00","0.50K","3.92%"
"Sep 14, 2012","102.00","106.00","102.00","102.00","0.20K","-3.77%"
"Sep 21, 2012","102.00","115.00","102.00","102.00","0.80K","0.00%"
"Sep 24, 2012","102.00","102.00","102.00","102.00","0.20K","0.00%"
"Oct 03, 2012","111.00","115.00","112.00","110.00","2.00K","8.82%"
"Oct 04, 2012","112.00","111.00","112.00","112.00","2.10K","0.90%"
"Oct 08, 2012","102.00","115.00","102.00","102.00","0.20K","-8.93%"
"Oct 11, 2012","102.00","115.00","102.00","102.00","0.90K","0.00%"
"Oct 12, 2012","102.00","102.00","102.00","102.00","0.30K","0.00%"
"Oct 16, 2012","102.00","115.00","102.00","102.00","0.80K","0.00%"
"Oct 24, 2012","110.00","0.00","110.00","110.00","-","7.84%"
"Oct 29, 2012","112.00","115.00","112.00","112.00","0.50K","1.82%"
"Oct 31, 2012","113.00","115.00","115.00","112.00","0.20K","0.89%"
"Nov 06, 2012","113.00","113.00","113.00","113.00","0.10K","0.00%"
"Nov 13, 2012","113.00","113.00","113.00","113.00","0.10K","0.00%"
"Nov 19, 2012","113.00","113.00","113.00","113.00","0.10K","0.00%"
"Nov 21, 2012","110.00","113.00","110.00","110.00","4.10K","-2.65%"
"Nov 22, 2012","108.00","110.00","110.00","107.00","4.30K","-1.82%"
"Nov 30, 2012","106.00","108.00","108.00","105.00","1.50K","-1.85%"
"Dec 04, 2012","105.00","106.00","105.00","105.00","0.70K","-0.94%"
"Dec 05, 2012","104.00","105.00","105.00","102.00","14.10K","-0.95%"
"Dec 11, 2012","100.00","104.00","103.00","100.00","5.00K","-3.85%"
"Dec 13, 2012","100.00","100.00","101.00","100.00","4.30K","0.00%"
"Dec 14, 2012","98.00","100.00","100.00","97.00","5.20K","-2.00%"
"Dec 17, 2012","90.00","98.00","98.00","90.00","16.30K","-8.16%"
"Dec 20, 2012","99.00","99.00","99.00","99.00","0.10K","10.00%"
"Dec 21, 2012","99.50","99.00","100.00","99.00","113.30K","0.51%"
"Jan 03, 2013","99.50","100.00","100.00","99.50","13.00K","0.00%"
"Jan 04, 2013","99.50","99.50","100.00","99.50","11.90K","0.00%"
"Jan 07, 2013","99.50","99.50","100.00","99.00","15.00K","0.00%"
"Jan 08, 2013","99.50","100.00","100.00","99.00","10.30K","0.00%"
"Jan 09, 2013","100.00","100.00","100.00","100.00","12.60K","0.50%"
"Jan 10, 2013","100.00","100.00","100.00","100.00","46.60K","0.00%"
"Jan 11, 2013","100.00","100.00","100.00","100.00","76.90K","0.00%"
"Jan 14, 2013","100.00","100.00","100.00","100.00","0.30K","0.00%"
"Jan 15, 2013","99.00","100.00","100.00","99.00","9.40K","-1.00%"
"Jan 16, 2013","100.00","100.00","100.00","100.00","10.40K","1.01%"
"Jan 17, 2013","100.00","100.00","100.00","100.00","5.90K","0.00%"
"Jan 18, 2013","99.50","101.00","101.00","99.50","18.90K","-0.50%"
"Jan 21, 2013","100.00","100.00","100.00","100.00","4.10K","0.50%"
"Jan 22, 2013","95.00","100.00","100.00","95.00","33.30K","-5.00%"
"Jan 24, 2013","98.00","98.00","98.00","98.00","0.40K","3.16%"
"Jan 25, 2013","98.00","98.00","98.00","98.00","1.00K","0.00%"
"Jan 28, 2013","98.00","98.00","98.00","98.00","0.20K","0.00%"
"Jan 29, 2013","98.00","98.00","98.00","98.00","0.10K","0.00%"
"Jan 31, 2013","105.00","105.00","105.00","105.00","1.00K","7.14%"
"Feb 04, 2013","105.00","105.00","105.00","105.00","1.40K","0.00%"
"Feb 07, 2013","101.00","101.00","101.00","101.00","3.00K","-3.81%"
"Feb 08, 2013","100.00","100.00","101.00","100.00","2.30K","-0.99%"
"Feb 14, 2013","109.00","109.00","109.00","109.00","0.10K","9.00%"
"Feb 15, 2013","108.00","108.00","108.00","108.00","0.30K","-0.92%"
"Feb 18, 2013","100.00","100.00","100.00","100.00","221.40K","-7.41%"
"Feb 19, 2013","100.00","100.00","100.00","100.00","12.20K","0.00%"
"Feb 20, 2013","105.00","105.00","105.00","105.00","0.20K","5.00%"
"Feb 22, 2013","100.00","100.00","100.00","100.00","0.10K","-4.76%"
"Feb 25, 2013","100.00","100.00","100.00","100.00","1.90K","0.00%"
"Feb 26, 2013","100.00","100.00","100.00","100.00","10.00K","0.00%"
"Feb 27, 2013","100.00","100.00","100.00","100.00","599.90K","0.00%"
"Feb 28, 2013","106.00","106.00","106.00","106.00","1.00K","6.00%"
"Mar 01, 2013","106.00","106.00","106.00","106.00","0.10K","0.00%"
"Mar 06, 2013","101.00","101.00","101.00","101.00","17.00K","-4.72%"
"Mar 11, 2013","100.00","105.00","105.00","100.00","633.20K","-0.99%"
"Mar 12, 2013","101.00","105.00","105.00","100.00","29.40K","1.00%"
"Mar 13, 2013","99.50","100.00","100.00","91.00","2.40K","-1.49%"
"Mar 14, 2013","100.00","100.00","100.00","100.00","6.60K","0.50%"
"Mar 15, 2013","100.00","100.00","100.00","100.00","68.00K","0.00%"
"Mar 19, 2013","99.50","100.00","100.00","98.00","4.00K","-0.50%"
"Mar 21, 2013","100.00","100.00","101.00","100.00","15.30K","0.50%"
"Mar 22, 2013","100.00","110.00","110.00","100.00","5.70K","0.00%"
"Mar 25, 2013","107.00","107.00","107.00","107.00","0.10K","7.00%"
"Mar 26, 2013","107.00","107.00","107.00","107.00","0.20K","0.00%"
"Mar 27, 2013","101.00","101.00","101.00","101.00","1.00K","-5.61%"
"Mar 28, 2013","101.00","105.00","105.00","101.00","0.70K","0.00%"
"Apr 02, 2013","102.00","101.00","107.00","101.00","3.70K","0.99%"
"Apr 03, 2013","108.00","105.00","110.00","105.00","7.60K","5.88%"
"Apr 05, 2013","107.00","107.00","110.00","107.00","5.30K","-0.93%"
"Apr 08, 2013","110.00","110.00","110.00","110.00","0.10K","2.80%"
"Apr 11, 2013","110.00","110.00","110.00","110.00","0.90K","0.00%"
"Apr 12, 2013","110.00","110.00","110.00","110.00","2.60K","0.00%"
"Apr 15, 2013","110.00","110.00","115.00","110.00","3.50K","0.00%"
"Apr 16, 2013","110.00","110.00","110.00","110.00","15.90K","0.00%"
"Apr 17, 2013","110.00","110.00","110.00","110.00","20.00K","0.00%"
"Apr 18, 2013","110.00","110.00","110.00","110.00","5.10K","0.00%"
"Apr 23, 2013","110.00","110.00","111.00","110.00","4.10K","0.00%"
"Apr 24, 2013","110.00","110.00","110.00","110.00","8.00K","0.00%"
"Apr 26, 2013","110.00","110.00","110.00","110.00","9.40K","0.00%"
"Apr 29, 2013","109.00","106.00","110.00","106.00","2.40K","-0.91%"
"Apr 30, 2013","110.00","110.00","110.00","110.00","16.90K","0.92%"
"May 03, 2013","110.00","110.00","110.00","110.00","2.50K","0.00%"
"May 07, 2013","110.00","110.00","110.00","110.00","1.00K","0.00%"
"May 10, 2013","110.00","110.00","110.00","110.00","1.20K","0.00%"
"May 15, 2013","115.00","115.00","115.00","115.00","1.90K","4.55%"
"May 17, 2013","111.00","111.00","111.00","111.00","0.50K","-3.48%"
"May 22, 2013","111.00","111.00","111.00","111.00","2.00K","0.00%"
"May 24, 2013","111.00","111.00","111.00","111.00","1.00K","0.00%"
"May 27, 2013","115.00","115.00","115.00","115.00","1.50K","3.60%"
"May 30, 2013","115.00","115.00","115.00","115.00","1.40K","0.00%"
"Jun 03, 2013","112.00","112.00","112.00","112.00","0.20K","-2.61%"
"Jun 04, 2013","115.00","117.00","117.00","115.00","4.90K","2.68%"
"Jun 05, 2013","115.00","115.00","115.00","115.00","0.20K","0.00%"
"Jun 17, 2013","115.00","116.00","116.00","115.00","3.80K","0.00%"
"Jun 18, 2013","115.00","115.00","115.00","115.00","0.30K","0.00%"
"Jun 19, 2013","110.00","110.00","110.00","110.00","0.50K","-4.35%"
"Jun 20, 2013","110.00","110.00","110.00","110.00","1.10K","0.00%"
"Jun 24, 2013","110.00","110.00","110.00","110.00","4.50K","0.00%"
"Jun 26, 2013","115.00","115.00","115.00","115.00","0.10K","4.55%"
"Jul 05, 2013","115.00","115.00","115.00","115.00","0.10K","0.00%"
"Jul 09, 2013","116.00","116.00","116.00","116.00","0.10K","0.87%"
"Jul 15, 2013","115.00","115.00","115.00","115.00","12.00K","-0.86%"
"Jul 16, 2013","115.00","115.00","115.00","115.00","4.00K","0.00%"
"Jul 17, 2013","115.00","115.00","115.00","115.00","2.00K","0.00%"
"Jul 22, 2013","116.00","116.00","116.00","116.00","0.10K","0.87%"
"Jul 23, 2013","115.00","115.00","115.00","115.00","0.20K","-0.86%"
"Jul 24, 2013","116.00","116.00","116.00","116.00","0.10K","0.87%"
"Jul 30, 2013","111.00","111.00","111.00","111.00","1.00K","-4.31%"
"Aug 06, 2013","115.00","115.00","115.00","115.00","10.00K","3.60%"
"Aug 08, 2013","114.00","114.00","115.00","114.00","18.30K","-0.87%"
"Aug 12, 2013","114.00","115.00","115.00","113.00","1.10K","0.00%"
"Aug 13, 2013","115.00","115.00","115.00","115.00","0.10K","0.88%"
"Aug 15, 2013","114.00","115.00","115.00","114.00","4.00K","-0.87%"
"Aug 21, 2013","120.00","120.00","120.00","120.00","0.20K","5.26%"
"Aug 23, 2013","115.00","116.00","116.00","114.00","18.90K","-4.17%"
"Aug 29, 2013","119.00","119.00","119.00","119.00","0.30K","3.48%"
"Sep 03, 2013","119.00","119.00","119.00","119.00","0.30K","0.00%"
"Sep 04, 2013","125.00","125.00","125.00","125.00","2.00K","5.04%"
"Sep 05, 2013","119.00","119.00","119.00","119.00","1.20K","-4.80%"
"Sep 06, 2013","125.00","125.00","125.00","125.00","0.10K","5.04%"
"Sep 13, 2013","125.00","125.00","125.00","125.00","0.10K","0.00%"
"Sep 16, 2013","120.00","120.00","120.00","120.00","0.30K","-4.00%"
"Sep 17, 2013","124.00","124.00","125.00","124.00","2.50K","3.33%"
"Sep 18, 2013","125.00","125.00","125.00","125.00","0.40K","0.81%"
"Sep 19, 2013","125.00","125.00","125.00","125.00","3.60K","0.00%"
"Sep 26, 2013","125.00","125.00","125.00","125.00","0.50K","0.00%"
"Sep 30, 2013","125.00","125.00","125.00","125.00","0.10K","0.00%"
"Oct 02, 2013","125.00","125.00","125.00","125.00","0.50K","0.00%"
"Oct 07, 2013","125.00","125.00","125.00","125.00","0.10K","0.00%"
"Oct 10, 2013","115.00","113.00","125.00","113.00","0.60K","-8.00%"
"Oct 11, 2013","114.00","114.00","114.00","114.00","0.30K","-0.87%"
"Oct 16, 2013","116.00","116.00","116.00","116.00","0.10K","1.75%"
"Oct 23, 2013","116.00","116.00","116.00","116.00","0.70K","0.00%"
"Oct 25, 2013","125.00","125.00","125.00","125.00","0.10K","7.76%"
"Oct 28, 2013","120.00","115.00","125.00","115.00","1.60K","-4.00%"
"Oct 31, 2013","125.00","125.00","125.00","125.00","0.10K","4.17%"
"Nov 04, 2013","125.00","125.00","125.00","125.00","0.10K","0.00%"
"Nov 05, 2013","124.00","125.00","125.00","124.00","0.20K","-0.80%"
"Nov 06, 2013","125.00","125.00","125.00","125.00","5.80K","0.81%"
"Nov 07, 2013","125.00","125.00","125.00","125.00","0.90K","0.00%"
"Nov 08, 2013","127.00","127.00","127.00","127.00","0.10K","1.60%"
"Nov 12, 2013","127.00","127.00","127.00","127.00","0.50K","0.00%"
"Nov 13, 2013","127.00","127.00","127.00","127.00","1.50K","0.00%"
"Nov 19, 2013","126.00","126.00","126.00","126.00","1.20K","-0.79%"
"Nov 21, 2013","126.00","126.00","126.00","126.00","5.00K","0.00%"
"Nov 22, 2013","126.00","126.00","126.00","126.00","6.60K","0.00%"
"Nov 25, 2013","126.00","126.00","126.00","126.00","0.40K","0.00%"
"Nov 26, 2013","126.00","126.00","126.00","126.00","7.00K","0.00%"
"Nov 28, 2013","126.00","126.00","126.00","126.00","0.60K","0.00%"
"Nov 29, 2013","126.00","126.00","126.00","126.00","1.00K","0.00%"
"Dec 02, 2013","125.00","125.00","125.00","125.00","1.90K","-0.79%"
"Dec 03, 2013","120.00","120.00","125.00","120.00","40.10K","-4.00%"
"Dec 04, 2013","120.00","120.00","120.00","120.00","0.50K","0.00%"
"Dec 05, 2013","124.00","121.00","125.00","121.00","0.60K","3.33%"
"Dec 06, 2013","124.00","125.00","125.00","124.00","1.20K","0.00%"
"Dec 09, 2013","125.00","125.00","125.00","125.00","0.40K","0.81%"
"Dec 10, 2013","122.00","122.00","122.00","122.00","0.20K","-2.40%"
"Dec 11, 2013","125.00","125.00","125.00","125.00","50.30K","2.46%"
"Dec 18, 2013","122.00","120.00","123.00","120.00","5.10K","-2.40%"
"Dec 20, 2013","125.00","125.00","125.00","125.00","2.00K","2.46%"
"Dec 23, 2013","126.00","126.00","126.00","126.00","2.50K","0.80%"
"Dec 24, 2013","125.00","126.00","126.00","125.00","0.40K","-0.79%"
"Jan 03, 2014","126.00","126.00","126.00","126.00","0.40K","0.80%"
"Jan 08, 2014","126.00","126.00","126.00","126.00","0.50K","0.00%"
"Jan 09, 2014","133.00","133.00","133.00","133.00","8.80K","5.56%"
"Jan 10, 2014","133.00","135.00","135.00","133.00","2.80K","0.00%"
"Jan 14, 2014","139.00","137.00","143.00","133.00","1.60K","4.51%"
"Jan 15, 2014","142.00","139.00","145.00","139.00","4.90K","2.16%"
"Jan 16, 2014","145.00","145.00","145.00","145.00","1.40K","2.11%"
"Jan 17, 2014","156.00","147.00","159.00","147.00","14.40K","7.59%"
"Jan 20, 2014","159.00","159.00","159.00","159.00","32.60K","1.92%"
"Jan 21, 2014","164.00","159.00","165.00","159.00","33.40K","3.14%"
"Jan 22, 2014","168.00","164.00","170.00","164.00","5.20K","2.44%"
"Jan 23, 2014","170.00","170.00","171.00","170.00","38.60K","1.19%"
"Jan 24, 2014","175.00","172.00","178.00","172.00","84.00K","2.94%"
"Jan 27, 2014","177.00","176.00","178.00","176.00","2.80K","1.14%"
"Jan 28, 2014","189.00","180.00","190.00","180.00","6.40K","6.78%"
"Jan 29, 2014","178.00","185.00","185.00","175.00","9.60K","-5.82%"
"Jan 30, 2014","170.00","170.00","170.00","170.00","1.50K","-4.49%"
"Feb 03, 2014","165.00","165.00","165.00","165.00","2.00K","-2.94%"
"Feb 04, 2014","170.00","170.00","170.00","170.00","17.90K","3.03%"
"Feb 05, 2014","170.00","170.00","170.00","170.00","20.30K","0.00%"
"Feb 06, 2014","169.00","170.00","170.00","169.00","2.20K","-0.59%"
"Feb 07, 2014","169.00","169.00","169.00","169.00","3.00K","0.00%"
"Feb 10, 2014","165.00","165.00","165.00","165.00","0.10K","-2.37%"
"Feb 11, 2014","160.00","160.00","165.00","160.00","1.20K","-3.03%"
"Feb 12, 2014","151.00","155.00","155.00","149.00","4.50K","-5.63%"
"Feb 13, 2014","150.00","150.00","150.00","150.00","4.50K","-0.66%"
"Feb 14, 2014","151.00","151.00","151.00","151.00","0.20K","0.67%"
"Feb 17, 2014","162.00","162.00","162.00","162.00","3.70K","7.28%"
"Feb 18, 2014","165.00","165.00","165.00","165.00","1.00K","1.85%"
"Feb 20, 2014","165.00","165.00","165.00","165.00","0.50K","0.00%"
"Feb 25, 2014","164.00","164.00","164.00","164.00","0.60K","-0.61%"
"Feb 26, 2014","160.00","160.00","160.00","160.00","3.50K","-2.44%"
"Feb 27, 2014","169.00","165.00","170.00","165.00","20.00K","5.63%"
"Mar 03, 2014","164.00","165.00","165.00","160.00","4.10K","-2.96%"
"Mar 05, 2014","169.00","169.00","169.00","169.00","1.20K","3.05%"
"Mar 06, 2014","155.00","155.00","155.00","155.00","2.20K","-8.28%"
"Mar 07, 2014","151.00","151.00","151.00","151.00","1.50K","-2.58%"
"Mar 11, 2014","154.00","155.00","165.00","154.00","13.10K","1.99%"
"Mar 12, 2014","155.00","155.00","165.00","155.00","13.40K","0.65%"
"Mar 17, 2014","155.00","155.00","155.00","155.00","2.50K","0.00%"
"Mar 18, 2014","154.00","155.00","155.00","153.00","5.30K","-0.65%"
"Mar 20, 2014","150.00","150.00","150.00","150.00","3.90K","-2.60%"
"Mar 27, 2014","150.00","150.00","150.00","150.00","2.30K","0.00%"
"Mar 31, 2014","141.00","145.00","145.00","140.00","13.70K","-6.00%"
"Apr 01, 2014","140.00","140.00","140.00","140.00","2.30K","-0.71%"
"Apr 03, 2014","140.00","140.00","140.00","140.00","0.30K","0.00%"
"Apr 08, 2014","140.00","140.00","140.00","140.00","0.70K","0.00%"
"Apr 09, 2014","143.00","143.00","143.00","143.00","1.30K","2.14%"
"Apr 10, 2014","145.00","145.00","145.00","145.00","1.00K","1.40%"
"Apr 11, 2014","145.00","145.00","145.00","145.00","0.50K","0.00%"
"Apr 14, 2014","141.00","141.00","144.00","141.00","3.40K","-2.76%"
"Apr 15, 2014","150.00","150.00","150.00","150.00","7.00K","6.38%"
"Apr 16, 2014","142.00","150.00","150.00","140.00","11.00K","-5.33%"
"Apr 17, 2014","147.00","147.00","147.00","147.00","1.00K","3.52%"
"Apr 22, 2014","137.00","147.00","147.00","136.00","1.20K","-6.80%"
"Apr 25, 2014","148.00","148.00","148.00","148.00","0.10K","8.03%"
"Apr 28, 2014","147.00","147.00","147.00","147.00","3.20K","-0.68%"
"Apr 29, 2014","148.00","148.00","148.00","148.00","2.50K","0.68%"
"Apr 30, 2014","137.00","139.00","139.00","137.00","3.30K","-7.43%"
"May 05, 2014","147.00","147.00","147.00","147.00","0.10K","7.30%"
"May 06, 2014","139.00","138.00","140.00","138.00","2.90K","-5.44%"
"May 07, 2014","139.00","140.00","140.00","139.00","9.70K","0.00%"
"May 08, 2014","139.00","140.00","140.00","138.00","7.60K","0.00%"
"May 09, 2014","139.00","140.00","140.00","138.00","210.70K","0.00%"
"May 12, 2014","140.00","140.00","141.00","140.00","105.70K","0.72%"
"May 13, 2014","140.00","140.00","140.00","139.00","32.10K","0.00%"
"May 14, 2014","140.00","140.00","140.00","140.00","18.10K","0.00%"
"May 15, 2014","139.00","140.00","140.00","138.00","40.90K","-0.71%"
"May 16, 2014","140.00","140.00","140.00","140.00","83.70K","0.72%"
"May 19, 2014","140.00","140.00","141.00","140.00","2.00K","0.00%"
"May 20, 2014","141.00","140.00","145.00","140.00","2.50K","0.71%"
"May 21, 2014","142.00","142.00","142.00","142.00","0.40K","0.71%"
"May 22, 2014","141.00","147.00","147.00","140.00","8.10K","-0.70%"
"May 23, 2014","142.00","142.00","142.00","142.00","0.20K","0.71%"
"May 26, 2014","147.00","147.00","147.00","147.00","0.30K","3.52%"
"May 27, 2014","142.00","142.00","142.00","142.00","0.10K","-3.40%"
"May 29, 2014","144.00","142.00","147.00","142.00","14.70K","1.41%"
"May 30, 2014","142.00","142.00","142.00","142.00","0.60K","-1.39%"
"Jun 03, 2014","145.00","145.00","145.00","145.00","0.10K","2.11%"
"Jun 05, 2014","144.00","147.00","147.00","140.00","0.30K","-0.69%"
"Jun 06, 2014","145.00","145.00","145.00","145.00","3.50K","0.69%"
"Jun 10, 2014","148.00","148.00","148.00","148.00","0.50K","2.07%"
"Jun 12, 2014","141.00","141.00","141.00","141.00","3.60K","-4.73%"
"Jun 13, 2014","141.00","147.00","147.00","140.00","0.50K","0.00%"
"Jun 16, 2014","140.00","140.00","140.00","140.00","0.10K","-0.71%"
"Jun 18, 2014","147.00","147.00","147.00","147.00","1.00K","5.00%"
"Jun 19, 2014","145.00","145.00","145.00","145.00","1.00K","-1.36%"
"Jun 25, 2014","144.00","144.00","145.00","144.00","19.10K","-0.69%"
"Jun 26, 2014","141.00","140.00","142.00","140.00","1.10K","-2.08%"
"Jun 27, 2014","149.00","147.00","150.00","147.00","7.00K","5.67%"
"Jun 30, 2014","149.00","149.00","150.00","149.00","0.90K","0.00%"
"Jul 01, 2014","149.00","148.00","150.00","148.00","2.50K","0.00%"
"Jul 02, 2014","149.00","149.00","150.00","149.00","1.50K","0.00%"
"Jul 03, 2014","149.00","149.00","149.00","149.00","0.30K","0.00%"
"Jul 04, 2014","149.00","149.00","149.00","149.00","0.10K","0.00%"
"Jul 08, 2014","144.00","149.00","149.00","144.00","2.10K","-3.36%"
"Jul 09, 2014","140.00","140.00","140.00","140.00","0.40K","-2.78%"
"Jul 10, 2014","145.00","145.00","145.00","145.00","0.80K","3.57%"
"Jul 14, 2014","140.00","140.00","140.00","140.00","1.20K","-3.45%"
"Jul 15, 2014","140.00","141.00","141.00","140.00","2.50K","0.00%"
"Jul 17, 2014","140.00","141.00","141.00","140.00","1.60K","0.00%"
"Jul 21, 2014","148.00","149.00","149.00","148.00","4.00K","5.71%"
"Jul 22, 2014","148.00","148.00","148.00","148.00","3.00K","0.00%"
"Jul 31, 2014","148.00","148.00","148.00","148.00","2.80K","0.00%"
"Aug 01, 2014","145.00","145.00","145.00","145.00","0.10K","-2.03%"
"Aug 04, 2014","141.00","141.00","141.00","141.00","1.80K","-2.76%"
"Aug 07, 2014","140.00","140.00","141.00","140.00","2.10K","-0.71%"
"Aug 08, 2014","141.00","141.00","141.00","141.00","0.30K","0.71%"
"Aug 12, 2014","140.00","140.00","140.00","140.00","0.80K","-0.71%"
"Aug 13, 2014","141.00","141.00","141.00","141.00","0.30K","0.71%"
"Aug 14, 2014","146.00","149.00","149.00","141.00","0.70K","3.55%"
"Aug 20, 2014","139.00","138.00","140.00","138.00","27.10K","-4.79%"
"Aug 21, 2014","140.00","140.00","140.00","140.00","0.10K","0.72%"
"Aug 22, 2014","140.00","140.00","140.00","140.00","1.00K","0.00%"
"Aug 26, 2014","140.00","140.00","140.00","140.00","1.00K","0.00%"
"Aug 27, 2014","135.00","135.00","140.00","135.00","22.50K","-3.57%"
"Aug 28, 2014","135.00","135.00","135.00","135.00","1.20K","0.00%"
"Aug 29, 2014","135.00","135.00","135.00","135.00","0.20K","0.00%"
"Sep 02, 2014","133.00","130.00","140.00","130.00","2.80K","-1.48%"
"Sep 03, 2014","135.00","136.00","136.00","135.00","0.60K","1.50%"
"Sep 04, 2014","135.00","135.00","135.00","135.00","7.50K","0.00%"
"Sep 05, 2014","140.00","140.00","140.00","140.00","0.50K","3.70%"
"Sep 09, 2014","140.00","140.00","140.00","140.00","1.40K","0.00%"
"Sep 10, 2014","140.00","140.00","140.00","140.00","1.10K","0.00%"
"Sep 11, 2014","140.00","140.00","140.00","140.00","4.60K","0.00%"
"Sep 12, 2014","139.00","139.00","139.00","139.00","0.10K","-0.71%"
"Sep 15, 2014","135.00","135.00","138.00","135.00","1.50K","-2.88%"
"Sep 18, 2014","126.00","126.00","126.00","126.00","1.00K","-6.67%"
"Sep 19, 2014","126.00","126.00","127.00","126.00","1.90K","0.00%"
"Sep 22, 2014","126.00","127.00","127.00","126.00","154.50K","0.00%"
"Sep 23, 2014","126.00","126.00","127.00","126.00","5.30K","0.00%"
"Sep 24, 2014","138.00","138.00","138.00","138.00","0.50K","9.52%"
"Sep 26, 2014","140.00","140.00","140.00","140.00","60.90K","1.45%"
"Oct 02, 2014","142.00","140.00","145.00","140.00","3.40K","1.43%"
"Oct 03, 2014","150.00","150.00","150.00","150.00","9.10K","5.63%"
"Oct 06, 2014","164.00","150.00","165.00","150.00","15.20K","9.33%"
"Oct 07, 2014","162.00","160.00","163.00","158.00","5.20K","-1.22%"
"Oct 13, 2014","160.00","160.00","160.00","160.00","0.10K","-1.23%"
"Oct 14, 2014","159.00","159.00","159.00","159.00","2.60K","-0.63%"
"Oct 15, 2014","159.00","159.00","159.00","159.00","0.20K","0.00%"
"Oct 16, 2014","157.00","158.00","158.00","155.00","7.30K","-1.26%"
"Oct 17, 2014","150.00","150.00","150.00","150.00","6.00K","-4.46%"
"Oct 28, 2014","146.00","146.00","146.00","146.00","1.00K","-2.67%"
"Oct 29, 2014","145.00","145.00","145.00","145.00","0.30K","-0.68%"
"Oct 30, 2014","145.00","145.00","145.00","145.00","0.50K","0.00%"
"Nov 04, 2014","131.00","131.00","131.00","131.00","0.10K","-9.66%"
"Nov 10, 2014","140.00","140.00","140.00","140.00","0.50K","6.87%"
"Nov 13, 2014","150.00","150.00","150.00","150.00","0.50K","7.14%"
"Nov 14, 2014","140.00","140.00","140.00","140.00","0.10K","-6.67%"
"Nov 18, 2014","140.00","140.00","140.00","140.00","2.00K","0.00%"
"Nov 19, 2014","139.00","139.00","139.00","139.00","0.10K","-0.71%"
"Nov 20, 2014","140.00","140.00","140.00","140.00","0.20K","0.72%"
"Nov 21, 2014","139.00","139.00","139.00","139.00","0.10K","-0.71%"
"Nov 24, 2014","137.00","136.00","138.00","136.00","15.50K","-1.44%"
"Nov 25, 2014","136.00","136.00","136.00","136.00","11.30K","-0.73%"
"Nov 26, 2014","138.00","136.00","140.00","136.00","1.50K","1.47%"
"Nov 28, 2014","136.00","136.00","136.00","136.00","4.40K","-1.45%"
"Dec 01, 2014","136.00","136.00","136.00","136.00","1.00K","0.00%"
"Dec 03, 2014","125.00","136.00","140.00","123.00","27.50K","-8.09%"
"Dec 04, 2014","135.00","137.00","137.00","135.00","2.20K","8.00%"
"Dec 05, 2014","148.00","148.00","148.00","148.00","2.20K","9.63%"
"Dec 08, 2014","149.00","149.00","149.00","149.00","1.10K","0.68%"
"Dec 09, 2014","146.00","146.00","146.00","146.00","20.00K","-2.01%"
"Dec 10, 2014","137.00","140.00","140.00","136.00","1.90K","-6.16%"
"Dec 15, 2014","139.00","139.00","140.00","139.00","1.70K","1.46%"
"Dec 17, 2014","139.00","139.00","139.00","139.00","0.10K","0.00%"
"Dec 19, 2014","139.00","139.00","139.00","139.00","0.20K","0.00%"
"Dec 22, 2014","139.00","139.00","139.00","139.00","2.50K","0.00%"
"Dec 24, 2014","134.00","136.00","136.00","130.00","0.50K","-3.60%"
"Dec 29, 2014","125.00","125.00","125.00","125.00","0.50K","-6.72%"
"Jan 06, 2015","126.00","126.00","126.00","126.00","2.00K","0.80%"
"Jan 07, 2015","126.00","126.00","126.00","126.00","2.00K","0.00%"
"Jan 09, 2015","138.00","138.00","138.00","138.00","0.30K","9.52%"
"Jan 19, 2015","146.00","150.00","150.00","141.00","0.50K","5.80%"
"Jan 20, 2015","140.00","140.00","140.00","140.00","12.50K","-4.11%"
"Jan 21, 2015","138.00","138.00","138.00","138.00","4.50K","-1.43%"
"Jan 22, 2015","138.00","138.00","138.00","138.00","1.00K","0.00%"
"Jan 26, 2015","139.00","139.00","140.00","139.00","8.10K","0.72%"
"Jan 27, 2015","139.00","139.00","140.00","139.00","0.60K","0.00%"
"Jan 28, 2015","140.00","140.00","140.00","140.00","0.10K","0.72%"
"Jan 29, 2015","139.00","139.00","139.00","139.00","0.30K","-0.71%"
"Jan 30, 2015","138.00","138.00","138.00","138.00","0.30K","-0.72%"
"Feb 02, 2015","145.00","145.00","145.00","145.00","2.20K","5.07%"
"Feb 03, 2015","144.00","144.00","144.00","144.00","0.90K","-0.69%"
"Feb 04, 2015","147.00","149.00","150.00","144.00","2.50K","2.08%"
"Feb 05, 2015","154.00","154.00","154.00","154.00","0.60K","4.76%"
"Feb 09, 2015","152.00","145.00","160.00","145.00","1.40K","-1.30%"
"Feb 10, 2015","159.00","157.00","160.00","148.00","8.30K","4.61%"
"Feb 12, 2015","152.00","152.00","152.00","152.00","0.20K","-4.40%"
"Feb 13, 2015","149.00","153.00","153.00","148.00","15.20K","-1.97%"
"Feb 16, 2015","148.00","148.00","148.00","148.00","0.10K","-0.67%"
"Feb 17, 2015","159.00","159.00","159.00","159.00","0.20K","7.43%"
"Feb 18, 2015","150.00","150.00","150.00","150.00","0.50K","-5.66%"
"Feb 19, 2015","151.00","151.00","151.00","151.00","0.10K","0.67%"
"Feb 23, 2015","148.00","149.00","149.00","148.00","4.70K","-1.99%"
"Feb 24, 2015","150.00","150.00","150.00","150.00","0.10K","1.35%"
"Feb 25, 2015","150.00","150.00","150.00","150.00","0.20K","0.00%"
"Mar 02, 2015","136.00","136.00","136.00","136.00","5.20K","-9.33%"
"Mar 05, 2015","137.00","136.00","149.00","136.00","14.10K","0.74%"
"Mar 06, 2015","136.00","137.00","137.00","136.00","13.10K","-0.73%"
"Mar 10, 2015","148.00","148.00","148.00","148.00","8.80K","8.82%"
"Mar 16, 2015","136.00","136.00","136.00","136.00","0.10K","-8.11%"
"Mar 18, 2015","140.00","136.00","147.00","136.00","0.50K","2.94%"
"Mar 20, 2015","136.00","136.00","136.00","136.00","0.50K","-2.86%"
"Mar 23, 2015","135.00","136.00","136.00","135.00","1.00K","-0.74%"
"Mar 25, 2015","130.00","131.00","131.00","130.00","72.00K","-3.70%"
"Mar 26, 2015","135.00","135.00","135.00","135.00","0.90K","3.85%"
"Mar 27, 2015","135.00","135.00","135.00","135.00","0.10K","0.00%"
"Mar 30, 2015","135.00","135.00","135.00","135.00","134.10K","0.00%"
"Mar 31, 2015","135.00","135.00","135.00","135.00","0.60K","0.00%"
"Apr 01, 2015","135.00","135.00","136.00","135.00","0.40K","0.00%"
"Apr 02, 2015","133.00","134.00","134.00","133.00","1.00K","-1.48%"
"Apr 08, 2015","133.00","133.00","133.00","133.00","13.10K","0.00%"
"Apr 09, 2015","135.00","135.00","135.00","135.00","0.70K","1.50%"
"Apr 10, 2015","135.00","135.00","135.00","135.00","49.00K","0.00%"
"Apr 13, 2015","136.00","133.00","139.00","133.00","1.00K","0.74%"
"Apr 14, 2015","135.00","135.00","135.00","135.00","65.00K","-0.74%"
"Apr 16, 2015","134.00","134.00","134.00","134.00","0.10K","-0.74%"
"Apr 22, 2015","132.00","133.00","134.00","132.00","237.60K","-1.49%"
"Apr 23, 2015","132.00","132.00","132.00","132.00","0.10K","0.00%"
"Apr 24, 2015","135.00","135.00","135.00","135.00","0.70K","2.27%"
"Apr 29, 2015","135.00","135.00","135.00","135.00","1.00K","0.00%"
"May 05, 2015","131.00","135.00","135.00","130.00","1.60K","-2.96%"
"May 07, 2015","131.00","132.00","132.00","130.00","0.30K","0.00%"
"May 08, 2015","130.00","131.00","131.00","130.00","1.80K","-0.76%"
"May 11, 2015","131.00","131.00","131.00","131.00","0.20K","0.77%"
"May 12, 2015","130.00","131.00","131.00","130.00","0.30K","-0.76%"
"May 13, 2015","130.00","130.00","130.00","130.00","0.30K","0.00%"
"May 14, 2015","130.00","130.00","130.00","130.00","0.10K","0.00%"
"May 15, 2015","120.00","123.00","123.00","120.00","5.00K","-7.69%"
"May 19, 2015","120.00","120.00","120.00","120.00","0.80K","0.00%"
"May 26, 2015","129.00","129.00","129.00","129.00","0.20K","7.50%"
"May 29, 2015","120.00","120.00","120.00","120.00","0.60K","-6.98%"
"Jun 08, 2015","127.00","127.00","127.00","127.00","2.00K","5.83%"
"Jun 10, 2015","127.00","127.00","127.00","127.00","0.10K","0.00%"
"Jun 15, 2015","125.00","125.00","127.00","125.00","3.40K","-1.57%"
"Jun 16, 2015","130.00","130.00","130.00","130.00","0.90K","4.00%"
"Jun 17, 2015","130.00","130.00","130.00","130.00","3.10K","0.00%"
"Jun 18, 2015","137.00","135.00","138.00","135.00","7.00K","5.38%"
"Jun 19, 2015","134.00","134.00","135.00","134.00","111.60K","-2.19%"
"Jun 25, 2015","139.00","139.00","139.00","139.00","0.10K","3.73%"
"Jun 26, 2015","131.00","131.00","131.00","131.00","100.00K","-5.76%"
"Jun 30, 2015","139.00","139.00","139.00","139.00","1.60K","6.11%"
"Jul 01, 2015","140.00","140.00","140.00","140.00","2.70K","0.72%"
"Jul 02, 2015","140.00","140.00","140.00","140.00","3.80K","0.00%"
"Jul 03, 2015","140.00","140.00","140.00","140.00","1.30K","0.00%"
"Jul 06, 2015","139.00","134.00","140.00","134.00","3.60K","-0.71%"
"Jul 07, 2015","130.00","130.00","130.00","130.00","0.60K","-6.47%"
"Jul 08, 2015","138.00","140.00","140.00","131.00","5.10K","6.15%"
"Jul 09, 2015","138.00","138.00","138.00","138.00","1.00K","0.00%"
"Jul 10, 2015","139.00","140.00","140.00","138.00","3.90K","0.72%"
"Jul 21, 2015","139.00","139.00","139.00","139.00","0.10K","0.00%"
"Jul 22, 2015","133.00","134.00","134.00","133.00","0.90K","-4.32%"
"Aug 06, 2015","130.00","130.00","130.00","130.00","0.10K","-2.26%"
"Aug 10, 2015","130.00","130.00","130.00","130.00","0.10K","0.00%"
"Aug 12, 2015","130.00","130.00","130.00","130.00","0.20K","0.00%"
"Aug 13, 2015","130.00","130.00","130.00","130.00","0.10K","0.00%"
"Aug 14, 2015","117.00","125.00","125.00","117.00","134.10K","-10.00%"
"Aug 18, 2015","128.00","128.00","128.00","128.00","0.10K","9.40%"
"Aug 19, 2015","130.00","130.00","130.00","130.00","0.10K","1.56%"
"Aug 20, 2015","126.00","129.00","129.00","126.00","40.50K","-3.08%"
"Aug 24, 2015","128.00","128.00","128.00","128.00","0.10K","1.59%"
"Aug 25, 2015","117.00","120.00","120.00","116.00","0.40K","-8.59%"
"Aug 26, 2015","117.00","117.00","117.00","117.00","0.30K","0.00%"
"Aug 27, 2015","116.00","116.00","117.00","116.00","2.20K","-0.85%"
"Aug 28, 2015","117.00","117.00","117.00","117.00","0.10K","0.86%"
"Sep 01, 2015","117.00","117.00","117.00","117.00","0.10K","0.00%"
"Sep 03, 2015","125.00","125.00","125.00","125.00","0.10K","6.84%"
"Sep 10, 2015","124.00","125.00","125.00","124.00","0.30K","-0.80%"
"Sep 14, 2015","120.00","120.00","120.00","120.00","0.10K","-3.23%"
"Sep 17, 2015","120.00","120.00","120.00","120.00","0.60K","0.00%"
"Sep 18, 2015","124.00","124.00","124.00","124.00","0.30K","3.33%"
"Sep 22, 2015","123.00","123.00","123.00","123.00","0.30K","-0.81%"
"Sep 25, 2015","115.00","115.00","115.00","115.00","1.00K","-6.50%"
"Sep 29, 2015","123.00","123.00","123.00","123.00","0.10K","6.96%"
"Oct 02, 2015","115.00","115.00","115.00","115.00","0.10K","-6.50%"
"Oct 07, 2015","112.00","114.00","114.00","110.00","0.20K","-2.61%"
"Oct 09, 2015","117.00","117.00","117.00","117.00","0.10K","4.46%"
"Oct 16, 2015","117.00","117.00","117.00","117.00","6.50K","0.00%"
"Oct 21, 2015","115.00","115.00","115.00","115.00","0.10K","-1.71%"
"Oct 26, 2015","115.00","115.00","115.00","115.00","0.30K","0.00%"
"Oct 29, 2015","110.00","110.00","110.00","110.00","0.10K","-4.35%"
"Nov 02, 2015","100.00","100.00","100.00","100.00","0.10K","-9.09%"
"Nov 03, 2015","100.00","100.00","100.00","100.00","310.00K","0.00%"
"Nov 04, 2015","100.00","100.00","110.00","100.00","3.30K","0.00%"
"Nov 09, 2015","100.00","100.00","100.00","100.00","2.20K","0.00%"
"Nov 10, 2015","104.00","104.00","104.00","104.00","0.10K","4.00%"
"Nov 11, 2015","100.00","100.00","100.00","100.00","1.90K","-3.85%"
"Nov 17, 2015","103.00","105.00","105.00","102.00","0.20K","3.00%"
"Nov 18, 2015","101.00","102.00","103.00","100.00","0.60K","-1.94%"
"Nov 27, 2015","105.00","105.00","105.00","105.00","0.50K","3.96%"
"Dec 01, 2015","95.00","95.00","95.00","95.00","1.20K","-9.52%"
"Dec 10, 2015","95.00","95.00","95.00","95.00","0.50K","0.00%"
"Dec 15, 2015","100.00","100.00","100.00","100.00","0.10K","5.26%"
"Dec 17, 2015","110.00","110.00","110.00","110.00","1.10K","10.00%"
"Dec 21, 2015","109.00","109.00","109.00","109.00","0.10K","-0.91%"
"Dec 23, 2015","100.00","105.00","105.00","99.00","0.60K","-8.26%"
"Dec 24, 2015","99.00","99.00","99.00","99.00","0.20K","-1.00%"
"Dec 30, 2015","102.00","102.00","102.00","102.00","4.90K","3.03%"
"Jan 04, 2016","94.00","101.00","102.00","92.00","0.80K","-7.84%"
"Jan 07, 2016","96.00","102.00","102.00","95.00","0.70K","2.13%"
"Jan 08, 2016","95.00","95.00","95.00","95.00","1.00K","-1.04%"
"Jan 12, 2016","101.00","101.00","101.00","101.00","0.10K","6.32%"
"Jan 14, 2016","98.00","98.00","98.00","98.00","0.40K","-2.97%"
"Jan 15, 2016","91.00","91.00","91.00","91.00","0.20K","-7.14%"
"Jan 26, 2016","91.50","92.00","92.00","91.00","1.10K","0.55%"
"Feb 03, 2016","95.00","95.00","95.00","95.00","0.50K","3.83%"
"Feb 04, 2016","101.00","101.00","101.00","101.00","4.20K","6.32%"
"Feb 08, 2016","98.00","98.00","98.00","98.00","0.70K","-2.97%"
"Feb 11, 2016","100.00","100.00","100.00","100.00","0.50K","2.04%"
"Feb 18, 2016","100.00","100.00","100.00","100.00","14.70K","0.00%"
"Feb 19, 2016","92.50","95.50","95.50","91.00","2.00K","-7.50%"
"Feb 23, 2016","91.50","92.50","92.50","91.00","0.40K","-1.08%"
"Feb 24, 2016","90.00","90.00","90.00","90.00","1.30K","-1.64%"
"Feb 25, 2016","90.00","90.00","90.00","90.00","0.20K","0.00%"
"Mar 03, 2016","95.00","95.00","95.00","95.00","0.20K","5.56%"
"Mar 04, 2016","91.00","95.00","95.00","90.00","0.60K","-4.21%"
"Mar 11, 2016","95.00","95.00","95.00","95.00","0.50K","4.40%"
"Mar 21, 2016","104.00","104.00","104.00","104.00","0.10K","9.47%"
"Mar 22, 2016","100.00","100.00","100.00","100.00","0.10K","-3.85%"
"Mar 23, 2016","95.00","95.00","95.00","95.00","50.00K","-5.00%"
"Mar 31, 2016","95.00","95.00","95.00","95.00","0.20K","0.00%"
"Apr 05, 2016","95.00","95.00","95.00","95.00","0.30K","0.00%"
"Apr 06, 2016","100.00","100.00","100.00","100.00","1.60K","5.26%"
"Apr 08, 2016","104.00","104.00","104.00","104.00","1.00K","4.00%"
"Apr 11, 2016","104.00","104.00","104.00","104.00","0.10K","0.00%"
"Apr 13, 2016","105.00","110.00","110.00","104.00","0.40K","0.96%"
"Apr 14, 2016","104.00","104.00","104.00","104.00","0.10K","-0.95%"
"Apr 21, 2016","95.50","95.50","95.50","95.50","2.50K","-8.17%"
"Apr 22, 2016","98.00","98.00","100.00","98.00","104.80K","2.62%"
"Apr 26, 2016","98.00","98.00","98.00","98.00","100.00K","0.00%"
"Apr 28, 2016","93.00","93.00","93.00","93.00","0.10K","-5.10%"
"May 03, 2016","93.00","93.00","93.00","93.00","2.20K","0.00%"
"May 04, 2016","94.00","94.00","94.00","94.00","1.00K","1.08%"
"May 05, 2016","98.00","98.00","98.00","98.00","5.10K","4.26%"
"May 09, 2016","95.00","100.00","100.00","95.00","4.10K","-3.06%"
"May 11, 2016","95.00","95.00","95.00","95.00","2.20K","0.00%"
"May 13, 2016","95.00","95.00","95.00","95.00","2.00K","0.00%"
"May 16, 2016","90.00","95.00","95.00","90.00","100.00K","-5.26%"
"May 17, 2016","82.00","82.00","82.00","82.00","0.10K","-8.89%"
"May 19, 2016","89.50","90.00","90.00","75.00","469.50K","9.15%"
"May 20, 2016","90.00","90.00","90.00","90.00","0.10K","0.56%"
"May 23, 2016","90.00","90.00","90.00","90.00","0.70K","0.00%"
"May 24, 2016","89.50","89.00","90.00","89.00","79.00K","-0.56%"
"May 26, 2016","89.50","89.50","89.50","89.50","0.10K","0.00%"
"Jun 03, 2016","89.00","89.00","89.00","89.00","0.10K","-0.56%"
"Jun 08, 2016","89.00","89.00","89.00","89.00","0.10K","0.00%"
"Jun 17, 2016","85.50","82.00","89.00","82.00","0.20K","-3.93%"
"Jun 22, 2016","85.50","85.50","85.50","85.50","0.20K","0.00%"
"Jun 23, 2016","85.00","85.00","85.00","85.00","1.20K","-0.58%"
"Jun 29, 2016","85.50","85.50","85.50","85.50","0.20K","0.59%"
"Jul 06, 2016","90.00","90.00","90.00","90.00","0.10K","5.26%"
"Jul 13, 2016","82.00","82.00","82.00","82.00","0.20K","-8.89%"
"Jul 26, 2016","83.00","89.00","89.00","80.00","0.30K","1.22%"
"Jul 27, 2016","80.00","80.00","80.00","80.00","0.10K","-3.61%"
"Jul 28, 2016","84.50","82.00","85.00","82.00","0.60K","5.63%"
"Jul 29, 2016","80.50","82.00","82.00","80.00","7.20K","-4.73%"
"Aug 02, 2016","80.00","80.00","80.00","80.00","4.00K","-0.62%"
"Aug 03, 2016","82.00","82.00","82.00","82.00","17.10K","2.50%"
"Aug 08, 2016","82.00","82.00","82.00","82.00","0.10K","0.00%"
"Aug 09, 2016","88.00","88.00","88.00","88.00","2.90K","7.32%"
"Aug 16, 2016","81.00","81.00","81.00","81.00","0.10K","-7.95%"
"Aug 18, 2016","85.00","85.00","85.00","85.00","0.20K","4.94%"
"Aug 22, 2016","84.00","84.00","84.00","84.00","1.00K","-1.18%"
"Aug 23, 2016","84.00","85.00","85.00","83.00","0.20K","0.00%"
"Aug 25, 2016","84.00","85.00","85.00","84.00","104.00K","0.00%"
"Aug 26, 2016","84.00","84.00","84.00","84.00","0.10K","0.00%"
"Sep 05, 2016","84.00","84.00","84.00","84.00","0.40K","0.00%"
"Sep 06, 2016","84.00","84.00","84.00","84.00","0.20K","0.00%"
"Sep 07, 2016","84.50","84.50","84.50","84.50","3.30K","0.60%"
"Sep 08, 2016","90.00","90.00","92.00","90.00","0.70K","6.51%"
"Sep 09, 2016","83.50","83.50","83.50","83.50","18.00K","-7.22%"
"Sep 20, 2016","90.00","90.00","90.00","90.00","0.10K","7.78%"
"Sep 21, 2016","99.00","99.00","99.00","99.00","0.90K","10.00%"
"Sep 27, 2016","96.00","96.00","96.00","96.00","0.20K","-3.03%"
"Sep 28, 2016","92.00","92.00","92.00","92.00","1.50K","-4.17%"
"Oct 06, 2016","92.00","92.00","92.00","92.00","2.00K","0.00%"
"Oct 11, 2016","95.00","95.00","95.00","95.00","0.10K","3.26%"
"Oct 13, 2016","90.00","90.00","90.00","90.00","6.20K","-5.26%"
"Oct 14, 2016","90.00","90.00","90.00","90.00","10.80K","0.00%"
"Oct 18, 2016","89.50","90.00","90.00","88.00","98.40K","-0.56%"
"Oct 21, 2016","86.50","90.00","90.00","85.00","0.30K","-3.35%"
"Oct 24, 2016","85.00","85.00","85.00","85.00","0.10K","-1.73%"
"Oct 25, 2016","85.00","85.00","85.00","85.00","0.80K","0.00%"
"Oct 28, 2016","90.00","90.00","90.00","90.00","5.50K","5.88%"
"Nov 02, 2016","84.00","84.00","84.00","84.00","0.10K","-6.67%"
"Nov 15, 2016","85.00","85.00","85.00","85.00","2.00K","1.19%"
"Nov 18, 2016","85.50","85.50","85.50","85.50","0.10K","0.59%"
"Nov 21, 2016","85.00","85.00","85.00","85.00","0.70K","-0.58%"
"Nov 22, 2016","85.00","85.00","85.00","85.00","0.30K","0.00%"
"Nov 24, 2016","90.00","90.00","90.00","90.00","0.50K","5.88%"
"Nov 25, 2016","85.00","85.00","85.00","85.00","0.50K","-5.56%"
"Nov 29, 2016","90.00","90.00","90.00","90.00","7.00K","5.88%"
"Nov 30, 2016","90.00","90.00","90.00","90.00","0.60K","0.00%"
"Dec 07, 2016","90.00","90.00","90.00","90.00","5.00K","0.00%"
"Dec 08, 2016","90.00","90.00","90.00","90.00","4.20K","0.00%"
"Dec 13, 2016","90.00","90.00","90.00","90.00","0.10K","0.00%"
"Dec 14, 2016","82.00","82.00","82.00","82.00","0.10K","-8.89%"
"Dec 19, 2016","82.00","82.00","82.00","82.00","0.50K","0.00%"
"Jan 03, 2017","83.00","83.00","83.00","83.00","0.50K","1.22%"
"Jan 10, 2017","85.50","85.50","85.50","85.50","0.10K","3.01%"
"Jan 13, 2017","88.00","88.00","88.00","88.00","0.20K","2.92%"
"Jan 16, 2017","86.00","86.00","86.00","86.00","0.20K","-2.27%"
"Jan 20, 2017","87.00","88.00","88.00","86.00","0.60K","1.16%"
"Jan 25, 2017","85.00","85.00","85.00","85.00","1.00K","-2.30%"
"Jan 26, 2017","88.00","88.00","88.00","88.00","6.60K","3.53%"
"Jan 30, 2017","88.50","88.00","90.00","88.00","9.60K","0.57%"
"Feb 02, 2017","89.00","87.50","90.00","87.50","15.20K","0.56%"
"Feb 06, 2017","83.00","86.00","86.00","83.00","67.50K","-6.74%"
"Feb 07, 2017","84.00","84.00","84.00","84.00","0.10K","1.20%"
"Feb 10, 2017","90.00","90.00","90.00","90.00","0.10K","7.14%"
"Feb 13, 2017","90.00","90.00","90.00","90.00","5.00K","0.00%"
"Feb 14, 2017","90.00","90.00","90.00","90.00","4.10K","0.00%"
"Feb 17, 2017","90.00","90.00","90.00","90.00","0.10K","0.00%"
"Feb 21, 2017","89.00","89.00","89.00","89.00","0.40K","-1.11%"
"Feb 22, 2017","89.50","88.00","90.00","88.00","56.50K","0.56%"
"Feb 27, 2017","87.00","87.00","87.00","87.00","1.00K","-2.79%"
"Feb 28, 2017","87.00","87.00","87.00","87.00","0.90K","0.00%"
"Mar 06, 2017","87.00","87.00","87.00","87.00","0.80K","0.00%"
"Mar 07, 2017","85.00","85.00","85.00","85.00","1.50K","-2.30%"
"Mar 08, 2017","87.00","87.00","87.00","87.00","3.00K","2.35%"
"Mar 13, 2017","87.00","87.00","87.00","87.00","0.40K","0.00%"
"Mar 14, 2017","81.00","81.00","81.00","81.00","0.20K","-6.90%"
"Mar 21, 2017","87.00","87.00","87.00","87.00","0.10K","7.41%"
"Mar 24, 2017","89.50","87.00","90.00","87.00","15.50K","2.87%"
"Apr 10, 2017","90.00","90.00","90.00","90.00","5.00K","0.56%"
"Apr 11, 2017","90.00","90.00","90.00","90.00","5.00K","0.00%"
"Apr 12, 2017","90.00","90.00","90.00","90.00","0.10K","0.00%"
"Apr 13, 2017","89.50","89.50","89.50","89.50","17.00K","-0.56%"
"Apr 19, 2017","92.00","92.00","92.00","92.00","0.10K","2.79%"
"May 04, 2017","90.00","90.00","90.00","90.00","0.10K","-2.17%"
"May 10, 2017","83.00","90.00","90.00","81.00","0.40K","-7.78%"
"May 12, 2017","85.00","85.00","85.00","85.00","0.10K","2.41%"
"May 16, 2017","84.00","84.00","84.00","84.00","0.20K","-1.18%"
"May 17, 2017","84.00","84.00","84.00","84.00","0.10K","0.00%"
"May 22, 2017","84.00","84.00","84.00","84.00","0.20K","0.00%"
"May 24, 2017","84.00","84.00","84.00","84.00","8.50K","0.00%"
"May 26, 2017","90.00","90.00","90.00","90.00","0.10K","7.14%"
"May 30, 2017","85.00","88.00","88.00","85.00","36.30K","-5.56%"
"Jun 07, 2017","90.00","90.00","90.00","90.00","0.10K","5.88%"
"Jun 09, 2017","90.00","90.00","90.00","90.00","0.10K","0.00%"
"Jun 13, 2017","90.00","90.00","90.00","90.00","4.10K","0.00%"
"Jun 14, 2017","90.00","90.00","90.00","90.00","0.10K","0.00%"
"Jun 15, 2017","90.00","90.00","90.00","90.00","15.90K","0.00%"
"Jun 16, 2017","90.00","90.00","90.00","90.00","1.50K","0.00%"
"Jun 20, 2017","85.00","85.00","85.00","85.00","0.10K","-5.56%"
"Jun 21, 2017","85.00","85.00","85.00","85.00","0.20K","0.00%"
"Jun 22, 2017","93.00","93.00","93.00","93.00","2.50K","9.41%"
"Jun 23, 2017","102.00","102.00","102.00","102.00","0.20K","9.68%"
"Jun 29, 2017","93.00","93.00","93.00","93.00","0.80K","-8.82%"
"Jun 30, 2017","93.00","93.00","93.00","93.00","0.60K","0.00%"
"Jul 04, 2017","100.00","100.00","100.00","100.00","0.50K","7.53%"
"Jul 06, 2017","93.00","93.00","93.00","93.00","9.40K","-7.00%"
"Jul 10, 2017","95.00","95.00","95.00","95.00","0.40K","2.15%"
"Jul 11, 2017","95.50","95.50","95.50","95.50","0.10K","0.53%"
"Jul 17, 2017","95.00","95.00","95.00","95.00","0.10K","-0.52%"
"Jul 18, 2017","96.00","95.00","96.50","95.00","16.60K","1.05%"
"Jul 19, 2017","97.00","97.00","97.00","97.00","1.40K","1.04%"
"Jul 25, 2017","99.00","99.00","99.00","99.00","5.40K","2.06%"
"Aug 01, 2017","91.00","91.00","91.00","91.00","0.20K","-8.08%"
"Aug 02, 2017","95.00","95.00","95.00","95.00","0.40K","4.40%"
"Aug 03, 2017","99.00","99.00","99.00","99.00","0.10K","4.21%"
"Aug 04, 2017","99.00","99.00","99.00","99.00","0.10K","0.00%"
"Aug 11, 2017","100.00","100.00","100.00","100.00","1.00K","1.01%"
"Aug 14, 2017","109.00","109.00","109.00","109.00","5.00K","9.00%"
"Aug 15, 2017","108.00","108.00","108.00","108.00","1.00K","-0.92%"
"Aug 22, 2017","99.50","100.00","100.00","99.00","0.50K","-7.87%"
"Aug 23, 2017","108.00","108.00","108.00","108.00","12.80K","8.54%"
"Aug 24, 2017","106.00","106.00","107.00","106.00","9.00K","-1.85%"
"Aug 28, 2017","110.00","110.00","110.00","110.00","0.40K","3.77%"
"Aug 29, 2017","106.00","106.00","106.00","106.00","7.00K","-3.64%"
"Sep 01, 2017","103.00","105.00","105.00","100.00","1.40K","-2.83%"
"Sep 05, 2017","105.00","105.00","105.00","105.00","0.20K","1.94%"
"Sep 11, 2017","103.00","105.00","105.00","103.00","0.80K","-1.90%"
"Sep 12, 2017","109.00","105.00","110.00","105.00","0.50K","5.83%"
"Sep 14, 2017","103.00","103.00","103.00","103.00","2.90K","-5.50%"
"Sep 18, 2017","105.00","105.00","105.00","105.00","19.20K","1.94%"
"Sep 19, 2017","101.00","101.00","101.00","101.00","0.10K","-3.81%"
"Sep 20, 2017","101.00","101.00","101.00","101.00","0.50K","0.00%"
"Sep 21, 2017","101.00","100.00","104.00","100.00","0.70K","0.00%"
"Sep 26, 2017","101.00","101.00","101.00","101.00","0.40K","0.00%"
"Sep 28, 2017","101.00","101.00","101.00","101.00","0.40K","0.00%"
"Oct 06, 2017","95.00","95.00","95.00","95.00","1.50K","-5.94%"
"Oct 10, 2017","100.00","101.00","101.00","100.00","0.50K","5.26%"
"Oct 12, 2017","100.00","100.00","100.00","100.00","1.00K","0.00%"
"Oct 17, 2017","103.00","103.00","103.00","103.00","0.90K","3.00%"
"Oct 18, 2017","101.00","101.00","101.00","101.00","0.10K","-1.94%"
"Oct 19, 2017","101.00","101.00","101.00","101.00","0.30K","0.00%"
"Oct 30, 2017","102.00","102.00","103.00","102.00","16.60K","0.99%"
"Nov 02, 2017","102.00","102.00","102.00","102.00","5.00K","0.00%"
"Nov 03, 2017","100.00","101.00","101.00","100.00","14.10K","-1.96%"
"Nov 08, 2017","110.00","110.00","110.00","110.00","0.10K","10.00%"
"Nov 09, 2017","103.00","110.00","110.00","100.00","14.70K","-6.36%"
"Nov 10, 2017","103.00","103.00","103.00","103.00","10.00K","0.00%"
"Nov 13, 2017","103.00","103.00","103.00","103.00","2.00K","0.00%"
"Nov 15, 2017","108.00","107.00","110.00","107.00","6.20K","4.85%"
"Nov 16, 2017","108.00","108.00","108.00","108.00","114.00K","0.00%"
"Nov 20, 2017","107.00","107.00","107.00","107.00","0.10K","-0.93%"
"Nov 21, 2017","107.00","107.00","107.00","107.00","0.60K","0.00%"
"Nov 22, 2017","107.00","107.00","107.00","107.00","0.10K","0.00%"
"Nov 24, 2017","107.00","107.00","107.00","107.00","6.00K","0.00%"
"Nov 27, 2017","108.00","108.00","108.00","108.00","8.00K","0.93%"
"Dec 13, 2017","107.00","107.00","108.00","107.00","18.80K","-0.93%"
"Dec 15, 2017","107.00","108.00","108.00","107.00","0.30K","0.00%"
"Dec 29, 2017","107.00","107.00","107.00","107.00","0.10K","0.00%"
"Jan 10, 2018","107.00","107.00","107.00","107.00","0.30K","0.00%"
"Jan 11, 2018","107.00","107.00","107.00","107.00","5.60K","0.00%"
"Jan 15, 2018","107.00","107.00","107.00","107.00","5.40K","0.00%"
"Jan 16, 2018","104.00","104.00","104.00","104.00","0.10K","-2.80%"
"Jan 17, 2018","107.00","107.00","108.00","107.00","6.00K","2.88%"
"Jan 18, 2018","108.00","108.00","108.00","108.00","4.00K","0.93%"
"Jan 19, 2018","108.00","108.00","108.00","108.00","0.80K","0.00%"
"Jan 22, 2018","100.00","100.00","100.00","100.00","0.10K","-7.41%"
"Jan 23, 2018","109.00","105.00","110.00","105.00","12.60K","9.00%"
"Jan 24, 2018","100.00","100.00","100.00","100.00","1.00K","-8.26%"
"Jan 26, 2018","100.00","100.00","100.00","100.00","1.00K","0.00%"
"Feb 05, 2018","104.00","104.00","104.00","104.00","0.90K","4.00%"
"Feb 06, 2018","105.00","105.00","105.00","105.00","0.20K","0.96%"
"Feb 07, 2018","105.00","105.00","105.00","105.00","0.10K","0.00%"
"Feb 08, 2018","100.00","100.00","100.00","100.00","0.10K","-4.76%"
"Feb 09, 2018","105.00","105.00","105.00","105.00","0.10K","5.00%"
"Feb 15, 2018","105.00","105.00","105.00","105.00","1.00K","0.00%"
"Mar 05, 2018","102.00","102.00","102.00","102.00","0.80K","-2.86%"
"Mar 06, 2018","102.00","102.00","102.00","102.00","0.10K","0.00%"
"Mar 07, 2018","102.00","102.00","102.00","102.00","0.50K","0.00%"
"Mar 09, 2018","92.00","92.50","92.50","92.00","1.30K","-9.80%"
"Mar 13, 2018","92.00","92.00","92.00","92.00","2.20K","0.00%"
"Mar 14, 2018","93.00","93.00","93.00","93.00","0.10K","1.09%"
"Mar 16, 2018","93.00","93.00","93.00","93.00","0.10K","0.00%"
"Mar 21, 2018","95.00","95.00","95.00","95.00","0.10K","2.15%"
"Mar 27, 2018","93.00","93.00","93.00","93.00","0.80K","-2.11%"
"Mar 29, 2018","94.00","94.00","94.00","94.00","0.10K","1.08%"
"Apr 06, 2018","95.50","95.50","95.50","95.50","1.20K","1.60%"
"Apr 09, 2018","95.00","95.00","95.00","95.00","21.00K","-0.52%"
"Apr 13, 2018","90.00","90.00","90.00","90.00","0.80K","-5.26%"
"Apr 16, 2018","90.00","90.00","90.00","90.00","0.20K","0.00%"
"Apr 17, 2018","97.00","97.00","97.00","97.00","0.10K","7.78%"
"Apr 18, 2018","96.50","97.00","97.00","96.00","0.80K","-0.52%"
"Apr 19, 2018","90.00","96.00","96.00","90.00","1.40K","-6.74%"
"Apr 20, 2018","90.00","90.00","90.00","90.00","0.40K","0.00%"
"Apr 24, 2018","90.00","90.00","90.00","90.00","1.10K","0.00%"
"Apr 25, 2018","90.00","90.00","90.00","90.00","1.50K","0.00%"
"Apr 26, 2018","85.00","85.00","85.00","85.00","0.10K","-5.56%"
"Apr 30, 2018","90.00","90.00","90.00","90.00","0.10K","5.88%"
"May 02, 2018","90.00","90.00","90.00","90.00","0.10K","0.00%"
"May 04, 2018","90.00","90.00","90.00","90.00","0.30K","0.00%"
"May 07, 2018","90.00","90.00","90.00","90.00","0.20K","0.00%"
"May 10, 2018","90.00","90.00","90.00","90.00","50.10K","0.00%"
"May 14, 2018","90.00","90.00","90.00","90.00","0.20K","0.00%"
"May 30, 2018","90.00","90.00","90.00","90.00","0.40K","0.00%"
"Jun 06, 2018","85.00","85.00","85.00","85.00","8.60K","-5.56%"
"Jun 12, 2018","86.00","86.00","86.00","86.00","50.30K","1.18%"
"Jun 13, 2018","87.00","89.50","89.50","85.00","2.00K","1.16%"
"Jun 18, 2018","89.50","89.50","89.50","89.50","1.00K","2.87%"
"Jun 20, 2018","87.50","89.50","89.50","86.00","0.20K","-2.23%"
"Jun 21, 2018","90.00","90.00","90.00","90.00","1.00K","2.86%"
"Jun 26, 2018","90.00","90.00","90.00","90.00","0.20K","0.00%"
"Jun 27, 2018","86.00","90.00","90.00","85.00","2.80K","-4.44%"
"Jun 29, 2018","90.00","90.00","90.00","90.00","1.00K","4.65%"
"Jul 02, 2018","85.00","85.00","85.00","85.00","0.30K","-5.56%"
"Jul 03, 2018","90.00","90.00","90.00","90.00","0.60K","5.88%"
"Jul 06, 2018","90.00","90.00","90.00","90.00","0.10K","0.00%"
"Jul 09, 2018","87.00","90.00","90.00","87.00","52.00K","-3.33%"
"Jul 12, 2018","79.00","79.00","79.00","79.00","0.40K","-9.20%"
"Jul 17, 2018","79.00","79.00","79.00","79.00","0.10K","0.00%"
"Jul 18, 2018","79.00","79.00","79.00","79.00","0.20K","0.00%"
"Jul 25, 2018","79.00","79.00","79.00","79.00","1.80K","0.00%"
"Jul 27, 2018","72.00","72.00","72.00","72.00","19.30K","-8.86%"
"Aug 06, 2018","74.00","74.00","74.00","74.00","0.10K","2.78%"
"Aug 08, 2018","76.00","80.00","80.00","74.50","1.80K","2.70%"
"Aug 14, 2018","83.00","83.00","83.00","83.00","1.00K","9.21%"
"Aug 15, 2018","91.00","91.00","91.00","91.00","0.30K","9.64%"
"Aug 16, 2018","91.00","91.00","91.00","91.00","0.20K","0.00%"
"Aug 17, 2018","94.00","91.00","100.00","91.00","0.30K","3.30%"
"Aug 27, 2018","94.00","94.00","94.00","94.00","1.20K","0.00%"
"Aug 28, 2018","94.00","94.00","94.00","94.00","0.20K","0.00%"
"Aug 31, 2018","94.00","94.00","94.00","94.00","1.40K","0.00%"
"Sep 03, 2018","92.00","92.00","92.00","92.00","69.60K","-2.13%"
"Sep 04, 2018","92.50","93.00","93.00","92.00","1.50K","0.54%"
"Sep 10, 2018","93.00","93.00","93.00","93.00","0.10K","0.54%"
"Sep 12, 2018","88.50","90.00","90.00","87.00","0.20K","-4.84%"
"Sep 13, 2018","87.00","87.00","87.00","87.00","0.40K","-1.69%"
"Sep 19, 2018","80.00","85.00","85.00","80.00","10.40K","-8.05%"
"Sep 20, 2018","80.00","80.00","80.00","80.00","0.20K","0.00%"
"Sep 21, 2018","75.50","75.00","80.00","72.00","0.30K","-5.63%"
"Sep 26, 2018","80.00","80.00","80.00","80.00","0.20K","5.96%"
"Sep 27, 2018","80.00","80.00","80.00","80.00","0.10K","0.00%"
"Oct 01, 2018","80.00","80.00","80.00","80.00","0.10K","0.00%"
"Oct 02, 2018","81.00","81.00","81.00","81.00","0.10K","1.25%"
"Oct 03, 2018","81.50","81.50","81.50","81.50","0.10K","0.62%"
"Oct 11, 2018","81.50","81.50","81.50","81.50","0.10K","0.00%"
"Oct 12, 2018","81.50","81.50","81.50","81.50","0.90K","0.00%"
"Oct 15, 2018","81.50","83.00","83.00","80.00","0.20K","0.00%"
"Oct 18, 2018","78.00","78.00","78.00","78.00","0.10K","-4.29%"
"Oct 19, 2018","81.00","81.00","81.00","81.00","0.10K","3.85%"
"Oct 23, 2018","83.00","83.00","83.00","83.00","0.10K","2.47%"
"Oct 24, 2018","81.00","81.50","81.50","81.00","0.50K","-2.41%"
"Oct 25, 2018","81.00","81.00","81.00","81.00","0.20K","0.00%"
"Oct 30, 2018","80.00","80.00","80.00","80.00","0.20K","-1.23%"
"Nov 05, 2018","73.50","73.50","73.50","73.50","1.00K","-8.13%"
"Nov 12, 2018","75.00","75.00","75.00","75.00","1.10K","2.04%"
"Nov 15, 2018","82.00","82.00","82.00","82.00","0.10K","9.33%"
"Nov 19, 2018","75.00","75.00","75.00","75.00","117.00K","-8.54%"
"Nov 20, 2018","75.00","75.00","75.00","75.00","33.00K","0.00%"
"Nov 26, 2018","80.00","80.00","80.00","80.00","0.20K","6.67%"
"Dec 06, 2018","75.00","75.00","75.00","75.00","1.10K","-6.25%"
"Dec 14, 2018","75.00","82.00","82.00","75.00","2.90K","0.00%"
"Dec 31, 2018","75.00","75.00","75.00","75.00","0.10K","0.00%"
"Jan 07, 2019","74.25","75.00","75.00","73.75","0.40K","-1.00%"
"Jan 08, 2019","80.00","74.25","80.00","74.25","0.10K","7.74%"
"Jan 09, 2019","80.00","80.00","80.00","80.00","-","0.00%"
"Jan 10, 2019","80.00","80.00","80.00","80.00","0.10K","0.00%"
"Jan 11, 2019","80.00","80.00","80.00","80.00","0.50K","0.00%"
"Jan 16, 2019","75.00","80.00","80.00","75.00","144.40K","-6.25%"
"Jan 17, 2019","74.75","75.00","75.00","74.00","3.50K","-0.33%"
"Jan 18, 2019","80.00","80.00","80.00","80.00","0.70K","7.02%"
"Jan 22, 2019","74.25","74.00","75.00","74.00","20.50K","-7.19%"
"Jan 25, 2019","75.00","75.00","75.00","75.00","39.20K","1.01%"
"Jan 28, 2019","75.00","75.00","75.00","75.00","0.50K","0.00%"
"Jan 29, 2019","74.25","74.25","74.25","74.25","0.20K","-1.00%"
"Jan 30, 2019","81.50","81.50","81.50","81.50","0.10K","9.76%"
"Feb 01, 2019","82.50","82.50","82.50","82.50","0.10K","1.23%"
"Feb 04, 2019","82.50","82.50","82.50","82.50","0.10K","0.00%"
"Feb 05, 2019","80.00","80.00","80.00","80.00","0.10K","-3.03%"
"Feb 06, 2019","80.00","80.00","80.00","80.00","-","0.00%"
"Feb 07, 2019","83.00","83.00","83.00","83.00","0.50K","3.75%"
"Feb 08, 2019","83.00","83.00","83.00","83.00","-","0.00%"
"Feb 11, 2019","80.00","80.00","80.00","80.00","0.10K","-3.61%"
"Feb 12, 2019","74.75","74.75","74.75","74.75","0.10K","-6.56%"
"Feb 18, 2019","81.25","81.25","81.25","81.25","0.10K","8.70%"
"Feb 19, 2019","81.25","81.25","81.25","81.25","-","0.00%"
"Feb 21, 2019","81.25","81.25","81.25","81.25","0.30K","0.00%"
"Feb 22, 2019","74.75","74.75","74.75","74.75","0.80K","-8.00%"
"Feb 26, 2019","74.75","74.75","74.75","74.75","1.10K","0.00%"
"Feb 27, 2019","74.75","74.75","74.75","74.75","0.20K","0.00%"
"Feb 28, 2019","79.75","80.00","80.00","77.00","13.40K","6.69%"
"Mar 07, 2019","75.00","75.00","75.00","75.00","1.00K","-5.96%"
"Mar 08, 2019","75.00","75.00","75.00","75.00","0.20K","0.00%"
"Mar 11, 2019","79.25","79.25","79.25","79.25","0.20K","5.67%"
"Mar 12, 2019","74.75","75.00","75.00","73.50","1.90K","-5.68%"
"Mar 14, 2019","75.00","75.00","75.00","75.00","1.60K","0.33%"
"Mar 15, 2019","75.00","75.00","75.00","75.00","5.00K","0.00%"
"Mar 19, 2019","79.50","79.50","79.50","79.50","1.00K","6.00%"
"Mar 22, 2019","79.50","79.50","79.50","79.50","0.30K","0.00%"
"Mar 29, 2019","79.50","79.50","79.75","79.50","1.90K","0.00%"
"Apr 03, 2019","78.00","78.00","78.00","78.00","1.00K","-1.89%"
"Apr 04, 2019","77.00","77.00","77.00","77.00","0.50K","-1.28%"
"Apr 05, 2019","79.50","79.50","79.50","79.50","0.20K","3.25%"
"Apr 08, 2019","79.50","79.50","79.50","79.50","0.50K","0.00%"
"Apr 09, 2019","75.00","75.00","77.50","75.00","5.60K","-5.66%"
"Apr 10, 2019","72.00","72.00","72.00","72.00","1.50K","-4.00%"
"Apr 12, 2019","72.50","72.00","75.00","72.00","0.50K","0.69%"
"Apr 15, 2019","72.00","72.00","72.00","72.00","150.00K","-0.69%"
"Apr 17, 2019","71.50","71.50","71.50","71.50","0.20K","-0.69%"
"Apr 18, 2019","71.50","71.50","71.75","71.50","2.50K","0.00%"
"Apr 26, 2019","70.00","70.00","70.00","70.00","0.10K","-2.10%"
"Apr 29, 2019","68.75","70.00","70.00","65.25","4.30K","-1.79%"
"May 02, 2019","62.00","62.00","62.00","62.00","1.30K","-9.82%"
"May 06, 2019","68.00","68.00","68.00","68.00","0.30K","9.68%"
"May 07, 2019","68.00","68.00","68.00","68.00","0.10K","0.00%"
"May 08, 2019","65.00","65.00","65.00","65.00","0.30K","-4.41%"
"May 10, 2019","62.00","63.00","63.00","62.00","2.30K","-4.62%"
"May 13, 2019","62.25","68.00","68.00","62.00","3.80K","0.40%"
"May 15, 2019","62.50","65.00","65.00","60.00","0.20K","0.40%"
"May 16, 2019","58.00","58.00","58.00","58.00","2.10K","-7.20%"
"May 17, 2019","60.00","60.00","60.00","60.00","1.70K","3.45%"
"May 21, 2019","65.00","65.00","65.00","65.00","0.10K","8.33%"
"May 22, 2019","65.00","65.00","65.00","65.00","0.10K","0.00%"
"May 23, 2019","65.00","65.00","65.00","65.00","0.30K","0.00%"
"Jun 07, 2019","65.00","66.75","66.75","65.00","12.00K","0.00%"
"Jun 10, 2019","63.00","63.00","63.00","63.00","0.20K","-3.08%"
"Jun 11, 2019","64.00","64.00","64.00","64.00","1.00K","1.59%"
"Jun 14, 2019","65.00","65.00","65.00","65.00","3.50K","1.56%"